Source_File,Page,Content_Type,Data
Adriana-Rosario-IT-Manager-Resume (TechieCV.com).pdf,1,Text,"Adriana Rosario IT Manager Milwaukee, WI • itmanager@gmail.com • +1 414-555-0182 PROFILE SUMMARY IT Manager with 13 years of experience leading IT operations in Fortune-500 financial services across financial services, healthcare, and regulated enterprise IT, specializing in IT strategy, service delivery leadership, and budget ownership, currently leading 14 IT staff. Solid technical and operational foundation across service management (ITIL 4, Agile-ITSM hybrid), collaboration (Microsoft 365), identity (Entra ID), ticketing (ServiceNow), and security and compliance (SOC 2 Type II), with strong fundamentals in service-management discipline, budget ownership, and business-partnership instincts. Deep expertise in IT strategy and roadmap ownership, service delivery against SLAs, budget and vendor management, and security and compliance oversight, applying practices such as ITIL-aligned change management and executive business reviews to deliver reliable, secure, and business-aligned IT operations. Engaged business partner working cross-functionally with Finance, Security, HR, and business-unit leadership in ITIL- driven IT organizations, contributing to executive steering committees, quarterly business reviews, and audit readiness forums with a pragmatic, outcome-first mindset. Service-oriented leader who fosters a culture of service ownership and written-decision rigor while owning a $5.4M annual IT budget and leading weekly IT leadership review sessions plus IT all-hands and career-development cycles. TECHNICAL SKILLS Frameworks & Methodologies: ITIL 4, ITSM, COBIT, ISO 20000, Agile-ITSM hybrid, change management, problem management, service request management Collaboration & Identity: Microsoft 365 (Exchange, Teams, SharePoint, OneDrive), Google Workspace, Active Directory, Entra ID, Okta, SCIM, conditional access Infrastructure & Cloud: Windows Server, Linux server administration oversight, VMware vSphere, Hyper-V, Azure, AWS, GCP, Intune for endpoints, Jamf for macOS Service Management Tools: ServiceNow (ITSM, Change, Problem, CMDB), Jira Service Management, Freshservice, Zendesk, SLA design, KPI dashboards Security & Compliance: SOC 2 Type II, ISO 27001, HIPAA, GDPR, NIST CSF, access reviews, patch management oversight, vendor risk assessments, audit readiness Budget & Vendor Management: Capex/opex budgeting, forecasting, contract negotiation, MSP management, license management, RFP/RFI, cloud cost optimization, TCO modeling Leadership & People Performance management, 1:1 cadence, career-development planning, hiring loops, IT org Management: design, cross-functional partnership, executive communication Project, BC & DR: PMP-aware program leadership, M&A IT integration, ERP/SaaS rollouts, BCDR planning, RTO/ RPO design, tabletop exercises, post-incident reviews EDUCATION University of Wisconsin-Madison B.B.A. in Management Information Madison, WI • Sep 2009 - May Systems 2013 WORK EXPERIENCE Northwestern Mutual IT Manager Milwaukee, WI • Jul 2020 - Present Lead IT operations for a Fortune-100 financial-services regional hub, managing 14 IT staff across 4 functions (helpdesk and end-user support, systems and network administration, and identity and collaboration platforms) for 4,500 internal"
Adriana-Rosario-IT-Manager-Resume (TechieCV.com).pdf,2,Text,"users across the HQ campus plus 9 regional offices. Authored a 3-year IT roadmap covering M365 modernization, an Entra ID migration from on-prem AD, and ServiceNow rollout, securing executive sponsorship and delivering 2 of 3 roadmap phases on time and on budget. Run IT operations against ITIL 4 SLAs on ServiceNow, sustaining 96% P1 resolution within 4 hours across 28,000 tickets per year and maintaining 91% CSAT on quarterly service surveys. Manage an annual IT budget of $5.4M across capex and opex, negotiating 3 MSP and licensing cycles that saved $720k/ year while expanding coverage for hybrid endpoints. Partner with the CISO on access controls, patch cadence, endpoint security, and audit readiness for SOC 2 Type II and NAIC cybersecurity examinations, clearing 2 back-to-back audits with zero IT findings. Sponsored 7 cross-functional IT projects including a regional office buildout, an ERP module rollout, and an M&A IT integration for a 200-person acquisition, delivering the integration cutover on schedule with zero P1 incidents. Primary IT point of contact for 8 business units and the regional VP forum, running quarterly IT business reviews and standing leadership 1:1s, with the CFO signing off on all 3 IT budget cycles under my tenure. Aurora Health Care IT Manager Milwaukee, WI • Jul 2015 - Jun 2020 Owned business continuity and disaster recovery for the regional medical group, including a warm-standby DR site and a 4 hours RTO / 1 hour RPO standard across clinical applications, with quarterly failover tests all passing. Authored or updated 22 IT policies covering acceptable use, BYOD, access, change management, and incident response, adopted as the regional IT standard and referenced in 2 annual HIPAA audits. Hired 11 IT staff across helpdesk, sysadmin, and network roles over 4 years, mentored 4 promotions to senior IT roles, and sustained 91% retention across the team. Worked closely with Clinical Operations, Finance, HR, and Compliance teams across 14 clinic sites, authoring 28 SOPs and runbooks that shaped the regional operating baseline and onboarding 9 new-hire IT engineers."
Assistant IT Manager Resume.pdf,1,Text,"JOHN H. SMITH P.O. Box 1673(cid:1) Callahan, FL 32011(cid:1) 800.991.5187(cid:1) info@greatresumesfast.com IT Project Manager Versatile and hands-on Project Manager who leads teams to design and implement successful IT projects that align business and IT objectives and deliver rapid results Project Management | Strategic Planning | Business Process Design Energetic, driven, and accomplished Project Manager with a track record of success in managing complex IT modernization and system integration projects. Sophisticated software development and engineering skills with genuine enthusiasm for resolving business challenges through technical innovation. Solutions driver who bridges the gap between business and technology while envisioning the bigger picture. Devises strategies to align multiple disciplines, coordinating efforts between business groups and driving complex systems integration for robust, high-quality systems that solve business problems and provide business results. (cid:2) IT Infrastructure & Standardization (cid:2) Strategic Planning & Tactical Execution (cid:2) Business Transformation Solutions (cid:2) Business Continuity & Systems Security (cid:2) Large-Scale Project Management (cid:2) Budget Management & Cost Containment (cid:2) Risk Management & Risk Mitigation (cid:2) Leadership & Performance Enhancement (cid:2) Analytical Problem Solving Abilities (cid:2) Team Collaboration, Coaching, & Motivation Professional Highlights ♦ Led and implemented complex projects and Global teams—mitigated risks, managed requirements, and worked with project stakeholders while managing expectations at the department and project levels. ♦ Trusted leader known and respected for leading successful change in projects and building credibility with executive teams and staff. ♦ Top-performing leader with record of implementing successful call center operations and IT services initiatives that increased efficiencies, reduced expenses, and increased customer and associate satisfaction. ♦ Directed the relocation of a regional data center and company regional office from Japan to Thailand; devised startup planning and managed operations within given resources, time, and budget. Professional Experience Brinkley Insurance Company Ltd.; Japan (2008—2012) VP of Information Technology—Asia Pacific Project Management | Customer Service | Infrastructure Virtualization Top-performing senior leader and Project Manager with consistent promotional career track supporting a wide range of Global IT services including Networking, Infrastructure Support, Data Center, Help Desk, and Technical Support. Determine and adapt business requirements to IT solutions that support the business needs of 3,500 users in Asia Pacific across the IT infrastructure, supporting users to increase efficiency of business operations. Maintain strong vendor relationships, develop statement of work and implement strategic negotiations for improved services. • Managed global teams including up to 10 direct and indirect reports; developed staffing plans, managed workloads, defined deliverables, hired resources, conducted performance reviews, and ensured compliance with established company policies. • Captured 60% in cost savings through a virtualization project that substantially reduced the carbon footprint from over 15 servers to less than 5 servers supporting the entire Asia Pacific region. • Spearheaded the One Notes Server consolidation and migration project—reduced server usage from 9 One Notes servers to only 1 server; improved performance and reduced maintenance efforts of engineering staff. • Championed a new, virtual support team for level II support—provided Regional support and substantial cost-savings. Pacific Regional Ltd.; Japan (2007—2008) IT/BUSINESS INTEGRATION MANAGER—Asia Pacific Global IT Strategy | Resource Management | Cross-Functional Leadership Directed Level I and Level II Help Desk support team—managed, trained, and monitored cross-functional team of 10 members. Designed and developed IT strategy to support a Regional user base of more than 1,500 users throughout Japan, Beijing, Shanghai, Hong Kong, Australia, and India. Managed a 4-month training and project collaboration to support an integrated software SAP solutions initiative to implement at 9 facilities in Asia Pacific. 1 | Page"
Assistant IT Manager Resume.pdf,2,Text,"JOHN H. SMITH 800.991.5187(cid:1) info@greatresumesfast.com BNX South Pacific Assurance Co. Ltd., Japan (2006) REGIONAL MANAGER, IT Service Delivery—Asia Pacific IT Strategy | Risk Management | Regional IT Support Led a team of 45 Level I and Level II help desk support team members providing outstanding quality IT services to 10 countries throughout Asia Pacific and serving a user base of more than 2,000. Developed IT strategy to enable growth and scalability while minimizing costs and potential risk. Canon Tech Solutions Ltd.; Japan (2001—2005) PROJECT MANAGER—Asia Pacific Project Management | Stakeholder Management | Customer Service Top-performing Project Manager leading strategic initiatives including business process automation, ERP systems implementation, and infrastructure projects for high-end clients such as KRS Tech Ltd, Asia Pacific Ltd., International Link (Japan) Co. Ltd., and Grand Primo Ltd. Led and monitored several projects with varying levels of complexity; identified and mitigated potential risks, determined project scope, managed requirements, and managed resources to support internal software development projects. META Ltd.; Japan (2000—2001) ROLLOUT PROJECT MANAGER/CONSULTANT Timeline Management | Change Management | Resource Management Directed critical, time-sensitive Windows upgrade project to support Airline Information Systems—integrated 40 offices in the Asia Pacific region within budget in only 8 months. Managed a cross-functional team of 30 project team members—managed schedules, identified and mitigated risks, and managed change control. Resource Asia Pacific Ltd.; Japan, China (1990—2000) REGIONAL PROJECT MANAGER/REGIONAL IS/IT MANAGER—Asia Pacific ERP Implementation | Project Management Best Practices | Project Leadership Managed multiple ERP application - Business Planning and Control System (BPCS) projects for manufacturing facilities throughout the Asia Pacific region. Directed on- and off-site teams of analysts and programmers and ensured project activities aligned with project requirements. Identified and mitigated potential risks; determined project scope and managed requirements. • Managed a team of 8 project team members in the migration and rollout of Asia Pacific nodes for communications network in Japan, Hong Kong, Michigan and Brazil. • Ensured Y2K compliance and enhanced overall operational efficiency and business performance through BPCS upgrade—led migration to multiple Asia Pacific locations. • Led the consolidation of five AS/400s locations to main AS/400 in Japan with migration of BPCS and various AS/400 applications; the consolidation provided cost savings in resources and security management. • Implemented cutting-edge IT and Voice infrastructure for new building facilities for the Japan regional office and manufacturing facility. • Established large, high-performance IT teams in the Japan regional office to support IT regional operations and support; utilized local resources in Japan to establish cost savings. Education, Certification & Affiliation Bachelor of Business Administration—Management Information systems; State University, Waikiki, Hawaii Information Technology Infrastructure Library (ITIL) Foundations certification, License No. ITIL/HJ445123 Member, Project Management Institute (PMI), USA PMP Training (Project Management Professional), Tech-Pro Consulting Ltd, Japan 2 | Page"
Casey-Nakamura-System-Administrator-Resume (TechieCV.com).pdf,1,Text,"Casey Nakamura System Administrator Denver, CO • sysadmin@gmail.com • +1 3035-2222 PROFILE SUMMARY System Administrator with 8 years of experience operating enterprise IT environments across aerospace engineering, telecommunications, and enterprise IT, specializing in Linux + Windows administration, virtualization, and enterprise security hardening. Solid technical background across operating systems (RHEL, Windows Server), virtualization (VMware vSphere), automation (Ansible, PowerShell), monitoring (Datadog, Nagios), and languages (Bash, Python) with strong fundamentals in networking fundamentals, change management, and audit-grade documentation. Deep expertise in enterprise-grade reliability, defense-in-depth security, configuration management, and zero-touch provisioning, leveraging methodologies such as change-management workflows and quarterly DR drills to drive stable, secure, and well-documented infrastructure. Engaged collaborator working cross-functionally with Engineering, Security, and Help Desk teams in ITIL-aligned environments, contributing to change-advisory boards, audit prep, and post-incident retrospectives with a pragmatic, ownership-first mindset. Emerging leader who shares technical excellence and fosters a culture of operational rigor and documentation discipline through PR reviews and runbooks, while leading IT-ops guild sessions and authoring widely adopted runbook and SOP templates. TECHNICAL SKILLS Operating Systems: RHEL, Ubuntu, CentOS, Debian, Windows Server 2019/2022 Virtualization & Containers: VMware vSphere, Hyper-V, Proxmox, KVM, Docker Networking: Cisco IOS, VLAN, DNS, DHCP, VPN (IPSec, OpenVPN), pfSense, Palo Alto firewalls Security & Compliance: CIS benchmarks, CrowdStrike EDR, Tenable, MFA, SOC 2, ISO 27001 Monitoring & Backup: Datadog, Nagios, Zabbix, SolarWinds, Veeam, Commvault Automation & Config: Ansible, Puppet, Chef, PowerShell DSC, Terraform Scripting Languages: Bash, PowerShell, Python, Perl Storage & Identity: NetApp SAN, Dell EMC, NFS/SMB, Active Directory, Okta SSO, LDAP EDUCATION University of Colorado Boulder B.S. in Information Technology Boulder, CO • Sep 2014 - May 2018 WORK EXPERIENCE Lockheed Martin Space Senior Systems Administrator Denver, CO • Sep 2021 - Present Owned server and OS administration for the Space Systems engineering environment supporting 2,500+ engineers, leading day-to-day operation across Linux fleet maintenance, Windows Server administration, and VMware virtualization for 600+ servers in a hybrid on-prem + Azure environment. Managed user, group, and access policies for 8,000+ accounts across Active Directory and Okta SSO, applying role-based access control with least-privilege provisioning and automated joiner/leaver workflows from HR feeds, reducing access- related help-desk tickets by 48%. Configured and maintained enterprise networking covering VLAN segmentation, DNS and DHCP, site-to-site VPNs, and firewall rule policies across 40+ Cisco switches at 3 office sites, holding 99.98% LAN uptime under change-managed maintenance windows."
Casey-Nakamura-System-Administrator-Resume (TechieCV.com).pdf,2,Text,"Hardened the fleet through monthly OS patch cycles on CIS-benchmarked baselines, CrowdStrike EDR rollout, and vulnerability remediation via Tenable, closing 180+ critical CVEs and lifting compliance posture from 78% to 97% for SOC 2 audit readiness. Built centralized monitoring on Datadog and Nagios for 600+ servers and 150+ services, defining SLO-style alert thresholds with on-call rotation rules and an alert-fatigue review cadence, cutting mean time to detect from 24 minutes to 2 minutes. Administered enterprise storage and virtualization on NetApp SAN and VMware vSphere clusters, running 120TB of file shares and 180+ VMs with RAID-10 layouts, automated tiering, and vMotion migrations for zero-downtime maintenance. Reduced operational toil from 38% to 14% through Ansible playbooks for OS provisioning and patching, PowerShell DSC for Windows configuration, and Python scripts for inventory and audit reporting, reclaiming 480+ engineer-hours per quarter for the team. Charter Communications Systems Administrator Englewood, CO • Jul 2018 - Aug 2021 Designed and operated the enterprise backup and disaster recovery program on Veeam-based image backups, Commvault for application data, and quarterly restore drills, lifting recovery point objective from 24h to 4h and successfully recovering all 5 inadvertent data-loss events without impact. Led incident response across 42 SEV1/SEV2 outages during on-call rotations, running systematic root-cause analysis, documented postmortems, and owner assignment for follow-ups, cutting mean time to resolve from 3.5 hours to 42 minutes within the first year. Maintained the team's operational documentation library covering 180+ runbooks, network and topology diagrams in Lucidchart, asset inventories in Snipe-IT, and standard operating procedures, clearing 2 back-to-back SOC 2 audits with zero findings. Worked closely with Engineering, Security, and Help Desk teams across 5 office locations to coordinate change- management windows, patch cycles, and infrastructure projects, authoring 9 operational SOPs that shaped the org's IT-ops standard and onboarding 6 new sysadmins."
Entry Level IT Networking Resume.pdf,1,Text,"DeVry University Resume Sample Packet Additional samples are available from DeVry Career Services. You may also access them online at www.kc.devry.edu/CareerServices.html. DEVRY UNIVERSITY CAREER SERVICES 816-943-7465, ROOM 221 KCC-CAREERSERVICES@DEVRY.EDU 1"
Entry Level IT Networking Resume.pdf,2,Text,TABLE OF CONTENTS Resume Samples Business Administration 3 Health Information Technology 10 Biomedical Informatics 11 Computer Information Systems Computer Engineering Technology 16 Electronics Engineering Technology Electronics and Computer Technology Network and Communications Management 19 Network Systems Administration Resume Reminders 22 Creating an Electronic Resume 23 Action Verbs 24 2
Entry Level IT Networking Resume.pdf,3,Text,"STACY WHITE 15400 E. 190th Terrace (816) 619- 9451 Kansas City, MO 64055 StacyWhite@hotmail.com OBJECTIVE Accounting graduate looking to secure a challenging position in the field of accounting where I may utilize my education, accounting software knowledge and strong attention-to-detail skills SIGNIFICANT QUALIFICATIONS • Self-disciplined, detail-oriented individual with intense interest in corporate accounting • Accustomed to the demands of critical accuracy; regularly prepare reports requiring strong attention to detail • Outstanding time management and organizational skills, which have resulted in high levels of productivity • Effective communication and excellent customer service skills • Strong computer skills and excellent aptitude to learn new programs EDUCATION Bachelor of Science in Business Administration DeVry University Concentration: Accounting Kansas City, MO Graduation Date: March 2006 GPA: 3.46 RELATED COURSEWORK Principles of Management Project Management Financial Accounting Managerial Accounting Advanced Accounting Auditing Federal Income Taxation Finance ACHIEVEMENTS Award from Missouri Society of CPAs - Most Active Student Member 2006 Customer Service Award received June 2003 DeVry University Dean’s List Employee of the Month Award received January 2006 from Farmers Insurance PROFESSIONAL EXPERIENCE Farmers Insurance Independence, MO 2003–Present Claims Assistant • Perform independently and in a team environment • Initiate contact with customers to verify claims information and advise them of the claims process • Handle minor, undisputed claims on instruction from supervisor • Respond to telephone and written inquiries regarding status of claims assigned • Maintain quality and accuracy above 98% at all times LabCo Insurance Overland Park, KS 2001–2003 Senior Policy Service Representative • Provided new and renewal quotes and processing policy endorsements • Motivated team to achieve and maintain established productivity and quality goals on a consistent basis • Trained to process claims in Auto, Home, Workers Comp, and Umbrella • Received a yearly award for providing outstanding customer service TECHNICAL SKILLS Peachtree, MS Project, MS Excel, MS Access, MS Word, MS PowerPoint, MS Outlook 3"
Entry Level IT Networking Resume.pdf,4,Text,"Aaron Miller 7600 W. 259th Street, Belton, Missouri 64012 816-238-7843 amiller@yahoo.net OBJECTIVE To obtain a career opportunity in accounting where excellent analytical and technical skills can be utilized to improve the company's profitability EDUCATION Bachelor of Science in Business Administration DeVry University Concentration: Accounting Kansas City, MO Expected graduation date: June 2008 • Cumulative GPA: 3.78, Dean’s List • Gamma Beta Phi National Honor Society 2006 - 2007 Related coursework: Successfully completed Intermediate Accounting I, II, and III, Advanced Accounting, Auditing and Federal Income Taxation PROFESSIONAL EXPERIENCE Accounting Internship Brown & Simpson CPAs--Overland Park, Kansas 2003 - Present • Utilized Peachtree accounting software for daily accounting operations • Prepared payroll and processed accounts payable/receivable • Created customer invoices/processed accounts receivable and reconciled job cost reports • Served as a liaison between clients and the firm • Verified and reconciled client inventories • Assisted clients in various administrative duties Customer Service Assistant-Office of Admissions DeVry University-- Kansas City, Missouri 2003 - 2003 • Assisted students and parents with basic admissions questions and inquiries • Processed new student applications and prepared paperwork for financial aid • Answered phone calls from customers wanting information on degree programs • Scheduled new student appointments • Utilized MS Excel to track all incoming new student inquiries, phone calls, and in-person visits Certified Associate Trainer Panzon’s Mexican Restaurant-Overland Park, Kansas 2002 - 2004 • Served as a liaison between associates and management • Balanced and reconciled all available cash drawers for the next shift • Completed certification in all available store positions • Opened a new store location and built client relationships • Administered the associate certification process for training of new employees • Assisted management with daily operations • Opened and prepared the store for customers on a daily basis COMPUTER SKILLS MS Project, MS Excel, MS Word, MS Outlook, MS Access, Oracle, Internet Explorer 4"
Entry Level IT Networking Resume.pdf,5,Text,"Sam Smith (816)-992-2443 amiller@yahoo.net 12345 W. Main St. Lenexa, KS 66219 Objective Tax accountant position at KPMG LLP utilizing my strong communication, organizational and analytical skills Education Bachelor of Science in Business Administration Graduation Date: February 2006 Concentration: Accounting DeVry University, Kansas City, MO C.G.P.A. 3.95 / 4.0 Dean’s List every semester Work Experience Accounting Internship Taylor & Company, CPA, Lenexa, KS 2005 to Present • Maintain and reconcile deferred revenues for all firm’s programs and national meetings • Reconcile and analyze general ledger accounts • Communicate with various state department staff regarding expense reporting and zone balances • Maintain fund balances for individual states and regional zones Faculty Assistant - Office of Academic Advising DeVry University, Kansas City, MO 2004 to 2005 • Handled the review and distribution of student records • Scheduled student appointments • Assisted students with course scheduling • Utilized Oracle student database for retrieval, review and analysis of student information Certified Associate Trainer Houlihan’s Restaurant, Overland Park, KS 2002 to 2004 • Served as a liaison between associates and management • Balanced and reconciled all available cash drawers for the next shift • Completed certification on all available store positions • Opened a new store location and built client relationships • Administered the associate certification process for new employee training • Assisted management with daily operations • Opened and prepared the store for customers on a daily basis Honors and Accomplishments Group Leader in Senior Project at DeVry University Won Houlihan’s Employee of the Month Award: August 2002 and November 2003 Houlihan’s Trainer of the Year Award 2003 Graduated from Shawnee Mission South High School as Valedictorian with a 4.0 CGPA 5"
Entry Level IT Networking Resume.pdf,6,Text,"Carolyn Smith 35100 N. Weston St. Kansas City, MO 64131 (816) 928-6451 Carolynsmith32@yahoo.com OBJECTIVE: Seeking a challenging position in the field of human resources where I can use previous work experience and dynamic leadership abilities to increase value to operations EDUCATION: Bachelor of Science in Business Administration Graduation Date: October 2006 Concentration: Human Resource Management DeVry University, Kansas City, MO Relevant Coursework: Employment Law HR Management Strategic Staffing Training and Development Principles of Management Statistics for Business Principles of Economics Professional Writing HIGHLIGHTS OF SKILLS: • Work effectively both as team member and independently • Strong leadership skills with proven ability to problem-solve, analyze, and positively impact management teams • Well organized and efficient, good time management skills • Positive attitude, able to work well under pressure • Strong technical aptitude and excellent customer communication skills WORK EXPERIENCE: Human Resources Intern 2005 - Present LabOne, Inc. Lenexa, KS • Assist in recruiting process • Administer the application process including applicant testing • Conduct reference checks on all new hires • Schedule interviews with job candidates to meet with different recruiters • Answer incoming calls and direct to appropriate team member Customer Service Representative 1998 - 2002 Braircliff Academy Columbus, OH • Answered all incoming calls to school and directed them to appropriate team members • Processed paperwork for new students, including financial support applications • Coordinated and scheduled appointments for counselors • Performed filing, data entry and general office support Real Estate Agent 2002 - 2005 Remax , Inc. Kansas City, MO • Promoted and sold properties • Compiled monthly residential tracking reports • Interpreted and negotiated contracts • Originated new residential customers • Won 2005 Realtor of the Year Award SOFTWARE SKILLS: Proficient with Microsoft Word, Excel, PowerPoint, Project, Access, Internet Explorer and Greentree Application Tracking System 6"
Entry Level IT Networking Resume.pdf,7,Text,"ANN M. WALKER 12375 S. Main St. Apt. 602 Kansas City, MO 64131 816-843-4556 AWalker@kc.devry.edu OBJECTIVE To obtain a challenging position in customer service where I can utilize my varied experience, strong computer skills, and education to make a positive contribution to your organization. EDUCATION Bachelor of Science in Business Administration, Concentration: Business Information Systems DeVry University, Graduation Date, June 2006, G.P.A – 3.75 Relevant Coursework: Architecture and Operating Systems, E-Commerce, Introduction to Business and Technology Critical Thinking and Problem Solving, Financial Accounting, Managerial Accounting Technology, Society and Culture, Public Speaking, Professional Writing RELATED QUALIFICATIONS • Strong computer skills such as • Ability to work in a group environment Microsoft Word, Excel, Access, Lotus as well as on solo projects Notes, and Microsoft Visio • Extensive customer service experience • Database design/maintenance using • Ability to multi-task and handle detailed Microsoft Access projects in a timely manner • Project Management using MS Project • Quick learner, able to adapt to any • Help desk analysis using Heat environment • Interactive document creation using Adobe Acrobat 6.0 Professional EXPERIENCE IT Intern, Leawood, KS September 2005 - Present • SuperGeeks: Answered phones, provided outstanding customer service to all customers, provided general IT support to customers calling in with basic questions. Logged daily calls using Excel spreadsheet. Helped with computer maintenance on an as needed basis. Library Assistant, Kansas City, MO June 2004 – August 2005 • DeVry University: Assisted in campus library. Provided assistance to students and faculty on library services, and online library support. Answered incoming electronic questions as well as phone calls. Supported library manager in organization of library resources. Coordinated the various testing sessions with library staff and professors. Customer Service Intern, Kansas City, MO July 2003-May 2004 • National Association of Insurance Commissioners: Supported the SERFF Help Desk by assisting the Insurance Industry and State Regulators with any questions on the SERFF application for rate, rule, and form filings. Constructed interactive PDF documents, and assisted customer requests and needs in a timely manner. Utilized Heat and Lotus Notes for help desk troubleshooting. HONORS AND AWARDS • Graduated Magna Cum Laude from DeVry University • Received Legacy of Service Award from DeVry University in January 2005 7"
Entry Level IT Networking Resume.pdf,8,Text,"Tracy Miller 306 N.W. Heights Court Ln. Lee’s Summit, MO 64064 (816) 923- 6423 hm (816) 918- 5370 cell tmiller@comcast.net Career Summary Results-oriented leader who has demonstrated the ability to positively impact revenue growth, profitability and organizational development and who is adaptable, energetic, and possesses excellent communication, interpersonal and managerial skills. Qualifications Highlights • Illustrate strong team-building skills while directing extremely diverse personnel. • Exhibit crucial ability to motivate cross-functional teams toward achieving common goals. • Provide on-going personnel training and support: demonstrated flexibility in managing rotating crews. • Experienced in handling human resources functions such as interviewing, hiring, training and employee performance appraisals. Career Experience Call Center Supervisor T-Mobile Lee’s Summit, MO 2004 – Present • Manage multiple supervisory tasks for computerized call center. • Provide end user computer training. • Constantly revitalize team members to complete production goals. • Create a positive work environment, which motivates individual improvements. Information Services Manager Ash Grove Lawn Co. Independence, MO 1992 – 2003 • Managed accounts receivable in excess of $12 million. • Provided customer service for more than 19,000 accounts. • Created and maintained spreadsheet branch reporting systems, using Excel for regional staff of six. • Performed internal accounting audits for 7 branch locations. • Hired, trained, and supervised multiple office managers and administrative assistants, consistently striving to ensure that the company retain and attract the best people. • Prepared and delivered employee performance reviews. Office Manager Ash Grove Lawn Co. Wichita, KS 1987 – 1992 • Managed the integrity of all data entry. • Coordinated month end and year end account closing. • Provided administrative support for branch manager. Education Bachelor of Science in Business Administration DeVry University Graduation Date: June 2005 Kansas City, MO Associate of Arts in Management Longview Community College Graduation Date: May 2001 Lee’s Summit, MO 8"
Entry Level IT Networking Resume.pdf,9,Text,"George Andrews G_E_Andrews@hotmail.com 6501 Main St., Kansas City, MO 64107, PH: 816-476-8787 Objective To use my education, project management skills, and diverse work experience in a career where a significant contribution can be made. Education Bachelor of Science in Business Administration DeVry University Concentration: Project Management Kansas City, MO Graduation Date: March 2007 C.GPA 4.0 Relevant Coursework: Project Management, Project Risk Management, Contracts and Procurement, Operations Management, Advanced PC Applications for Business, Total Quality Management including Six Sigma Senior Project Designed and created a customer account database for local daycare center. Database consisted of customer names, addresses, notes and special instructions, and could hold up to 8,000 customer records. Developed and wrote company manual to assist employees and owner on how to use the database. Computer Skills Microsoft Project Visual Basic Microsoft Word Microsoft Access SQL Internet Explorer Microsoft Excel Macromedia Dreamweaver ASP.NET Microsoft PowerPoint Significant Qualifications Project Management • Serve as project leader for school project, communicating closely with team members to effectively monitor project status. • Ensured deadline achievement, set project deadlines and handled task delegation. • Motivated team members to give their best work, skilled at time management and organization. • Utilized analytical abilities/problem-solving techniques to identify problem areas and develop solutions. Customer Service/Communication • Provide ability to communicate with different types of people and all levels within the organization. • Experienced at giving presentations and public speaking. • Provided superior customer service and trained other workers on how to deliver quality service to customers. Experience Faculty Assistant, DeVry University January 2006 – Present Kansas City, MO Maintenance Worker, Homestead Apartment Homes March 2003 – July 2004 Kansas City, MO Food Service Worker, Panera Bread June 2000 – August 2000 St. Joseph, MO 9"
Entry Level IT Networking Resume.pdf,10,Table Row,"• Provide excellent customer service by answering phone calls, setting appointments, greeting members"
Entry Level IT Networking Resume.pdf,10,Table Row,"and guests upon arrival, and selling memberships."
Entry Level IT Networking Resume.pdf,10,Table Row,"• Perform filing, member folder maintenance, and data entry of client records and surveys."
Entry Level IT Networking Resume.pdf,10,Table Row,• Maintain cleanliness of therapy rooms and the front office.
Entry Level IT Networking Resume.pdf,11,Text,"JOSEPH BLACK 1342 Circle Drive, Apt. A-4, Oakview, MO 64131 (816) 989-1323 black@aol.com OBJECTIVE Obtain Programmer I position with the University of Kansas Hospital SUMMARY OF SKILLS • Languages: Java, BioJava, Perl, BioPerl, C#, ASP.NET, PHP, XHTML, HTML • Database Design and Programming: MS Access, Oracle 9i, MySQL, PL/SQL • Web Development / Office Productivity Tools: Macromedia Fireworks, Macromedia Dreamweaver, Macromedia Flash, Borland JBuilder, MS.NET, MS Word, MS Excel, MS Visio, MS Project, MS Publisher, MS PowerPoint • System Development: Software Analysis and Design, UML, Web Interface Design and Project Management • Biology Tools: FASTA, BLAST, PSI-BLAST, GenBank, RASMOL, JMOL, PROT, Swiss-Prot, PDB • Computational Biology Processes: Genome annotation methods, Phylogenic analysis, Protein structure prediction, Microarray Technology, Molecular biology databases • Operating Systems: Windows 95 / 98 / NT / 2000 / XP, Linux • Science Course Work: General, Organic and Biological Chemistry, Biology with Lab • Health Care Course Work: Health Services, Health Information Processes, Managed Care, Health Insurance EDUCATION DeVry University Kansas City, MO Bachelor of Science, Biomedical Informatics February 2006 GPA: 3.64/4.00, Dean’s List, Cum Laude Gamma Beta Phi Society Member Madison University Madison, OH 40 Credit Hours September 1994 – May 1998 Coursework in anatomy and physiology, medical terminology, typing and transcription, as well as general education classes Special Projects • In a team of five, analyzed the needs of a company and developed an appropriate system using the System Development Life Cycle and flowcharts. Presented results to class • Created an online database to help track / organize personal book collection using PHP and MySQL • Created a web site in ASP, HTML, and PHP with an Access database to allow users to become members, search books by author, title or genre, and purchase the selected items online. Created front-end GUI in Visual Basic.NET. Used JavaScript for the state and zip code verification • Developed personal website using HTML and Macromedia Dreamweaver • Developed a user manual for Hopkins Manufacturing’s computer application which handles inventory control • Built three computers from scratch PROFESSIONAL EXPERIENCE Stouffer’s Restaurant, Olathe, KS Server 2004 – Present • Help customers select food and beverages by inquiring of needs, presenting menu, suggesting courses, explaining specialties and answering food preparation questions • Serve up to 25 tables at once while paying attention to individual guest’s needs and delivering patrons’ choices in a prompt and efficient manner • Train 4-7 employees per year in customer service, food preparation and cleaning Rave Motion Pictures, Madison, OH Supervisor 1999 – 2001 • Oversaw most operations of the theatre, including guest service, cash handling, payroll, crew development, sales, and film presentation • Received company awards for sales and customer satisfaction 11"
Entry Level IT Networking Resume.pdf,12,Text,"Jean Nichols 4234 E. Lamar Ave. Odessa, Missouri 63433 (816) 765-5216 JeanNichols@sbcglobal.net OBJECTIVE Acquire a position in software development that utilizes my technical skills, self-motivation and experience in a teamwork environment. EDUCATION Bachelor of Science in Computer Information Systems DeVry University, Kansas City, MO Projected Graduation Date: October 2008 • GPA: 4.0 • Dean’s List • Who’s Who Among Students in American Universities and Colleges 2006 • Worked 30+ hours while going to school full-time TECHNICAL SKILLS Visual Basic 5 & 6 COBOL Crystal Reports Java Oracle 9i Microsoft Visio JavaScript Microsoft Access Microsoft Word CSS MySQL Microsoft Excel C# Visual Studio.NET Microsoft Access SQL Macromedia Dreamweaver MX Microsoft PowerPoint ASP.NET Macromedia Fireworks MX Windows 95 / 98 / NT / 2000 / XP PHP Macromedia Flash MX Windows 2003 Server HTML Borland JBuilder 9 Linux XML Micro Focus Net Express 4.0 PROJECTS Project leader of five person team developing a dynamic website to replace an existing static website for a client. Used PHP, HTML and MySQL to create a solution meeting the client’s needs. Created special graphics using Macromedia Flash MX 2004 and Fireworks MX 2004. Exercised time management and organizational skills to complete the project ahead of schedule. Developed a database in Oracle 9i and Microsoft Access, normalized tables to third normal form. WORK EXPERIENCE Web Administrator/ IT Intern Open Networks, Inc., Grandview, MO June 2006 - Present • Maintain two company websites using Dreamweaver and HTML. • Assist in the administration and development of Visual Basic.NET applications. • Maintain 15 computers, 11 desktop printers, Microsoft Server 2003, internet connection, and backup system for 15 users. Grocery Stocker/ Bagger Sun Fresh, Kansas City, MO August 2004 - June 2006 • Stocked and rotated products to ensure freshness and quality standards are met. • Provided outstanding guest service by bagging and carrying out groceries. • Answered customers’ questions and located merchandise. • Cleaned store at end of the day. 12"
Entry Level IT Networking Resume.pdf,13,Text,"ANTHONY GREEN 4345 Court Terrace Grandview, Missouri 64030 (816) 567-4542 andrewgreen45@yahoo.com TECHNICAL SKILLS Languages: Database: Software: Operating Systems: Visual Basic Oracle 9i Visual Studio.NET Windows 98 / XP Java Microsoft Access Macromedia Dreamweaver MX Windows 2003 Server JavaScript MySQL Macromedia Fireworks MX Linux Perl Macromedia Flash MX C# Borland JBuilder 9 SQL Micro Focus Net Express 4.0 ASP.NET Microsoft Visio PHP Microsoft Word HTML Microsoft Excel XML Microsoft Access COBOL Microsoft PowerPoint WORK EXPERIENCE Web Developer / Database Administrator September 2005 - Present New Century Community College Overland Park, Kansas • Develop and maintain college's website using HTML, JavaScript, and ASP.NET • Support administrative web applications by performing timely upgrades, and by diagnosing and resolving problems • Manage and implement vendor-delivered systems • Conduct needs analysis to develop custom desktop, web, and server applications based on user requests using Java, Perl, C#, and Visual Basic with Crystal Reports • Enhance existing applications according to user requirements using Visual Basic and Microsoft Access • Train users on newly developed and enhanced programs • Create and modify technical documentation to support operations and trainings • Perform database administration of administrative information on a SQL Server platform using ODBC standards • Supervise five student employees engaged in Web and database programming Software Developer July 2002 to September 2005 Spencer & Key, Inc. Kansas City, Missouri • Performed systems analysis in order to update old systems and develop new applications • Developed mock interfaces and database schemas in Microsoft Visio • Implemented database schemas in T-SQL or MS Access • Developed user and database interfaces using .NET Framework 1.1 • Created reports using Crystal Reports in Visual Studio 2003 • Designed and created user manuals, training materials, and online help EDUCATION Bachelor of Science in Computer Information Systems October 2005 DeVry University, Kansas City, Missouri GPA 3.76 / 4.00 13"
Entry Level IT Networking Resume.pdf,14,Text,"Andrew Evans 12703 Oak St., #161 E-Mail Home Phone: (816) 784-1109 Kansas City, MO 64114 andrewevans@yahoo.com Cell Phone: (913) 987-7359 Summary of Qualifications • Knowledge of legal concepts and evidentiary procedures for the public and private investigation of digital crime. • Able to apply forensic techniques to investigate illegal and unethical activity within a PC or local area network (LAN) environment. • Coursework in systems analysis and design, information system security, programming, database, and web applications design. • Knowledge of multiple desktop programs, configuration, and debugging techniques. • Sound problem resolution, judgment, and decision-making. • Excellent organizational skills with ability to manage multiple priorities in a fast-paced team environment. • Strong work ethic and excellent communication skills. Education Bachelor of Science in Computer Information Systems, expected June 2009 Concentration: Computer Forensics DeVry University, Kansas City, MO Dean’s List, GPA 3.91 / 4.00 Technical Skills Languages: Java, Visual Basic, C#, SQL, ASP.NET, HTML Forensics Tools: Forensics Tool Kit, EnCase, DriveSpy, Helix, Write Blockers Operating Systems: Microsoft Windows 98 / 2000 / XP, Linux, UNIX, DOS Networks: LAN, WAN, VPN Hardware: Hardware Replacement, Memory Upgrades, Troubleshooting Printers / Modems Office Productivity Tools: Microsoft Word, Excel, Access, PowerPoint, Outlook Projects DeVry University Senior Project, Project Team Leader • In a team of three, designed and developed e-commerce site in ASP.NET using C# and HTML, with Access database connection, for a furniture company. Utilized and updated Microsoft SQL Server. Assigned tasks and managed project phase schedules. Acted as a liaison between project team and client. Class Projects • Examined information from suspects’ hard drives for lab assignments. Found evidence concluding suspects used computer to commit illegal acts. Prepared documentation that fully explained the performed procedures. Experience Faculty Assistant, March 2005 to Present DeVry University, Kansas City, MO • Assist students with applications and assignments in introductory PC classes and labs. • Tutor 20 students per week on individual basis on Windows, UNIX and Linux operating systems, desktop system hardware, architecture and configuration, and fundamentals of data communication and computer networking. • Assist faculty and staff by proctoring exams, grading homework, and covering desks and courses. • Help new and continuing students sign up for classes during busy registration periods. Electronics Associate, August 2003 to March 2005 Wal-Mart, Overland Park, KS • Provided exceptional customer service in the electronics department. • Helped customers with purchasing decisions by finding merchandise to fit budget and needs. • Maintained department’s appearance by adequately stocking shelves and creating attractive displays. • Reduced department’s inventory shrink by 2%. 14"
Entry Level IT Networking Resume.pdf,15,Text,"MATTHEW WHITCOMB 514 Sunset Drive ♦ Kansas City, Missouri 64131 Cell: (816) 942-6912 ♦ Email: mattwhitcomb@comcast.net EDUCATION: DeVry University, Kansas City, Missouri Bachelor of Science, Computer Information Systems Current GPA: 3.5 / 4.0 Expected: February 2009 Attending DeVry University on Presidential Scholarship Johnson County Community College, Overland Park, Kansas Associate of Applied Science, Information Technology Certificate, Networking Technologies GPA 4.0 /4.0 Graduated Summa Cum Laude May 2000 TECHNICAL SKILLS: • Programming Languages/Frameworks: Java, Jakarta Struts, JSP 2.0, JavaServlets, JavaScript,VisualBasic.NET, C#.NET, Visual C++, COBOL, HTML • Development Tools: Borland JBuilder 9; Micro Focus Net Express 4.0, Adobe PhotoShop, Macromedia Dreamweaver MX, Macromedia Fireworks MX, Macromedia Flash MX; CorelDraw 7.0; 3D Studio MAX • Database: Oracle9i PL/SQL, SQL, PostgreSQL, MySQL • Operating Systems/ Productivity Tools: Windows 98, 2000, XP; Windows Server 2003, Linux Red Hat; Microsoft Word, Microsoft Excel, Microsoft Access, Microsoft Visio, Microsoft PowerPoint, Microsoft Project, Microsoft FrontPage RELEVANT EXPERIENCE: Programming / Information Technology • Produced websites and enhanced search engine performance for companies using VB.Net and Java scripting. • Used Java to program class project at DeVry University: designed and implemented a tutorial system to teach novice Java programmers to perform simple tasks using the Java programming language. • Installed Windows Server 2003 and Linux Red Hat for lab assignments. • Serviced and maintained five PCs and three network printers for previous employer. Training • Tutored one-on-one students taking Java classes at DeVry University. • Trained 3 to 5 employees a month on state and local health board requirements, customer service, and cleaning in a restaurant. Conducted regular one-on-one performance counseling to foster personal growth. • Assisted teller staff with complex transactions and questions. Customer Service • Assisted 100-150 customers with banking transactions daily. Identified customer needs and referred the appropriate products and services. Processed deposits, withdrawals, transfers and loan payments accurately and efficiently to build customer confidence and trust. • Responded to customer requests in an accurate, friendly and timely manner in a restaurant. Helped patrons select food and beverages, answered questions and made recommendations. Accommodated special needs/requests. Maintained cleanliness to ensure pleasant dining experience. • Assisted customers with returns and exchanges as well as concerns and comments in a retail store. Received Employee of the Month Award for excellence in customer service. WORK HISTORY: Tutor DeVry University, Kansas City, Missouri 2006 – Present Freelance Web Developer Kansas City area 2005 – Present Server Red Lobster, Overland Park, Kansas 2004 – 2006 Teller USB Bank, Kansas City, Missouri 2003 – 2004 Associate Wal-Mart, Grandview, Missouri 2001 – 2002 15"
Entry Level IT Networking Resume.pdf,16,Text,"Thomas Wingman 9000 W. 135 Street Apt. #303 Overland Park, KS 66209 (913) 604-5489 twingman@hotmail.com Education Bachelor of Science Degree in Computer Engineering Technology Graduation: October 2006 DeVry University Kansas City, MO GPA: 3.89 ∙ Major GPA 4.0 ∙ Dean’s List Skills Software Lab Skills: Windows 98/2000/XP MS-DOS MS Office / Project Visual Studio 6.0 / .NET Or CAD 80x86 Assembly Java Net Beans IDE 3.5.1 Eagle CAD Code Vision AVR Hardware Lab Skills: Analog to Digital Converter Flashlite SBC Atmel AT90S8535 AVR Risc Microcontroller Parallel/Serial Port Atmel AT90S1200 CPLD Design with VHDL DC Motor Control UART Design TTL Logic Interrupts Timer/Counters Electronic Devices Used: Digital Oscilloscope Spectrum Analyzer Frequency Generator Digital Multi Meter Duel Source Power Supply Logic Analyzer Projects • “RF Imaging System” that transforms radio waves into a color image, similar to a digital camera • Scorch video game written in Visual C++ and LCD integration • Flapper Motor Control with keypad and LCD integration • MFC Tank Game using dialog boxes with Microsoft Visual C++.NET Work History Laptop LCD Circuit Board Repair April 2005 - Present Heartland Services Inc. Leawood, Kansas • Test, troubleshoot, and diagnose Panasonic laptop PC circuit board failures • Repair faulty components using solder techniques including through-hole, surface mount, and high temperature soldering • Perform quality inspections for all completed processes Faculty Assistant March 2002 to April 2005 DeVry University Kansas City, MO • Tutored students in math, logical flowcharting, Java, C++, Object Oriented Programming, Circuit Analysis, Microcontroller Programming, and networking • Assisted students with assignments in school’s electronics lab • Proctored tests and quizzes in absence of professors • Answered students’ questions about class registration in person and over the phone Organizations IEEE member Tau Alpha Pi Honor Society Member 16"
Entry Level IT Networking Resume.pdf,17,Text,"Peter Wilson 5005 Holmes Rd #908 Home: (816)550-1111 Kansas City, Missouri 64131 Cell: (816)689-0000 E-mail: PeterW@gmail.com Education: DeVry University Kansas City, Missouri Bachelor of Science in Electronics Engineering Technology October 2006 CGPA: 3.84 / 4.00 Graduated Magna Cum Laude 100% of educational expenses self-funded through scholarships and working 25 hours per week Technical Skills: Project Experience • In a team of four designed, built and demonstrated a control system for an oil purification machine • Designed and implemented a wireless hand controller for a 30 inch telescope to replace the existing wired controller at Norfolk Observatory in Lee’s Summit, Missouri Design Experience Analog Digital • Active and Passive Filters • Synch/Asynch Logic • Operational Amplifiers • Flip Flops/Memory (RAM&ROM) • Voltage Controlled Oscillators • Counters/Timers • Analog Signal Processing • Digital Signal Processing Programming Languages Software • C++/Codevision • Windows 95/98/ME/XP • Assembly 80x86, Atmel • Microsoft Office (Word, Excel, • VHDL Access, PowerPoint) • WordPerfect Suite Employment: Package Handler Lenexa, Kansas FedEx Ground February 2005 – Present • Check shipping orders for correct destination and stack boxes securely in trailers, loading 450 packages an hour • Unload 1300 packages an hour from semi-trailers • Transport all incompatible parcels to appropriate areas • Clear minor jams in belt system in a timely manner • Assist teammates whenever necessary to help meet company quotas • Train new employees on workplace safety and job efficiency • Awarded Employee of the Month, April 2006 and February 2007, for processing inbound and outbound packages quickly and accurately Affiliations: Tau Alpha Pi – EET National Honor Society Gamma Beta Phi – National Honor Society Association of Information Technology Professionals Institute of Electrical and Electronics Engineers 17"
Entry Level IT Networking Resume.pdf,18,Text,"SEAN KENKEL 9000 Morgan Ave. Apt. 407 (816) 876-0005 Kansas City, MO 64131 Kenkel23@hotmail.com JOB OBJECTIVE: To obtain a challenging technical position where my skills and abilities can be utilized to benefit the company EDUCATION: Associate of Applied Science in Electronics and Computer Technology, February 2006 DeVry University, Kansas City, MO Maintained 3.94 GPA Graduated with Honors Member of the National Honor Society Gamma Beta Phi SKILLS: • Soldering, including surface mount soldering, and operation of “wave” solder machines • Troubleshooting analog, digital and microprocessor-based systems • Using benchtop equipment such as digital multimeters, oscilloscopes, function generators, spectrum analyzers and variable power supplies • Understanding of Programmable Logic Controllers (PLC) • Ability to test, repair, and troubleshoot circuit boards • Read electronic schematics and data sheets • Knowledge of Microsoft Windows 95, 98, ME, 2000 Operating Systems, Microsoft Office 2000 suite, Outlook Express, MultiSim 2001, OrCAD, LabView VI, EagleCAD, AVR Assembler and AVR Studio • Lab experience with personal computer assembly / installation • Familiar with wireless/cellular communication systems, fiber optic communications, and wired communication systems • Resolved computer hardware and software issues for current employer EMPLOYMENT: Nova Auto Parts and Repair Service Kansas City, MO January 2001 to Present Automotive Mechanic Assistant • Assist a professional mechanic in diagnosis and repair of domestic cars and trucks • Perform minor electronic and mechanical repairs • Test and replace sensors • Install Vehicle Tracking / Anti-Theft GPS System • Maintain three networked computers; troubleshoot hardware and software problems • Ensure each customer receives the highest level of support with inquiries over the phone and in person • Help clients select the right parts in the store Pizza Hut Lee’s Summit, MO June 2000 – January 2001 Pizza Cook / Delivery Driver • Took customer orders over the phone and entered information into computer • Prepared food for up to 75 deliveries per night shift • Earned awards for excellent food quality and prompt service 18"
Entry Level IT Networking Resume.pdf,19,Text,"JOHN Q. PUBLIC 4999 Electric Avenue • Kansas City, MO 64116 • (816) 455-1234 • jqpublic@email.net OBJECTIVE: A career as a Network Administrator with a respected financial services company allowing me to make a contribution utilizing my academic and work-proven skills. EDUCATION: DeVry University – Kansas City, MO Bachelor of Science in Network and Communications Management Graduation: October 2006 University of Nebraska – Omaha, NE Associate of Science in Accounting Graduation: May 2004 TECHNICAL SKILLS: Networks Systems Software Hardware Ethernet Server 2003 Active Directory RAID VLAN UNIX Etherpeek Memory Swaps MPLS Novell Console One Board Swap P2P Windows NT Norton Ghost Software Installs ATM Windows XP Samba Peripheral Devices LAN Windows 98 Telnet VPN Windows 2000 MS Office Client/Server DOS MS Visio RELEVANT EXPERIENCE: Computer & Technical Support • Purchase, install, and maintain all company computer hardware and software systems. • Provide specialized training to members of the technical support staff and to department supervisors regarding computer hardware, DOS, Windows, and Novell and LAN networking. • Resolve pending hardware, networking, or operating system problems. • Determine hardware, software, and operating system incompatibilities with supported software products and develop solutions. • Develop and implement new departmental and company technologies. • Perform quality assurance testing for new software releases and work with product developers on software enhancements; test and help correct any errors encountered with software products. Accounting & Financial • Approve all purchases and payments for company operations. • Negotiate with vendors for favorable price and quantity concessions. • Provide management with departmental hardware/software requirements, and cost analysis. • Process and remit monthly, quarterly, and annual tax reports. • Track customer purchases and produce detailed strategic reports. • Develop all customized computer spreadsheet programming. • Compute monthly profit sharing revenues and reconcile differences with dealers. Customer Service • Analyze and resolve client hardware and software problems; help clients optimize their software usage. • Provide hardware/software technical support to clients for auditing, financial analysis, and corporate tax return preparation software; help clients optimize the use of our products with their computer systems. WORK HISTORY: Purchasing Manager Tom M. Phillips Oil Company, Kansas City, MO 2003 - Present IT Support Manager Children International, Kansas City, MO 1999-2003 Accounts Receivable Coordinator Lanier Business Systems, Omaha, NE 1995 - 1998 19"
Entry Level IT Networking Resume.pdf,20,Text,"Michael McDonald 51230 West 119th Street, Kansas City, MO 64131 Home (816) 900-9213 Cell (816) 590-5555 Michael_McDonald@yahoo.com Employment Objective Entry level position in the Information Systems department utilizing networking, troubleshooting, and analytical thinking skills Summary of Qualifications • Education in network and communications management from a respected technological university • Internship experience as PC Technician with local property tax consulting firm • Thorough knowledge of Microsoft Platforms; Windows (2000, XP, 2003) server and workstation, Active Directory, DNS and Group Policy • Experience installing PC hardware and software • Outstanding customer service skills • Proven ability to effectively manage multiple projects simultaneously Education DeVry University, Kansas City, MO Expected Graduation: June 2009 Bachelor of Science in Network and Communications Management 3.73 GPA Technical Experience Platforms: Windows 95/98/2000/XP, Windows Server 2003, Linux, UNIX, Novell Networking Protocols: TCP/IP, DNS, DHCP, RIP System Administration: Ethernet, Wireless Networking, PC Troubleshooting, Cabling, Memory Upgrades, Routers, Switches, Firewalls Applications: Microsoft Office (Word, Excel, Access, PowerPoint), MS Project, MS Visio Class Projects • Managed LAN and WAN environment with Cisco routers and switches • Installed Windows Server 2003, implemented Active Directory, User and Share Permissions and Group Policy on the server • Installed and operated Linux Red Hat operating system Employment Property Valuation Services, Overland Park, KS PC Technician March 2006 – Present • Install hardware and software on 40 PC workstations • Provide support to users regarding hardware and software problems and question • Audit workstations to verify licensing, security and configuration • Troubleshoot and configure printers, scanners and modems U.S Army, Fort Lamar, GA 89th Ranger Regiment E-5/SGT Squad Leader May 1999 – August 2005 • Supervised, instructed, and trained an 8-person squad for real world combat missions in a high threat environment • Maintained and accounted for equipment worth more than $250,000 • Prepared, distributed, and filed operations and intelligence information • Successfully worked in an environment with strict deadlines • Received Good Conduct Award, Army Commendation Medal and the National Defense Service Award • Obtained and maintained Top Secret Security Clearance 20"
Entry Level IT Networking Resume.pdf,21,Text,"Marcus Johnson 3345 State Road Blue Springs, MO 64015 (816)555-8950 Marcus.Johnson@gmail.com Career Objective To obtain a position in computer networking that will utilize my technical, customer service, and communication skills Education DeVry University Kansas City, MO Bachelor of Science in Network and Communications Management, expected June 2008 Associate of Applied Science in Network Systems Administration, October 2006 • GPA 3.9 (4.0 scale) • Dean’s List, National Dean’s List, Chancellor’s List Certifications CompTIA A+ CompTIA Net+ Skills Operating Systems: Windows 98, 2000, XP Pro, Server 2003, Novell Client, NetWare 6.5, UNIX Sun Solaris, Linux (RedHat-Fedora Core2), DOS Hardware: Cisco Catalyst 2900 switches, Cisco 2511 and 3600 series routers Software: MS Office 2002 and 2003, Visio, WordPerfect, and Quattro Pro 10 Languages: Java, Visual Basic, HTML Work Experience IT Technician December 2005 – Present DeVry University Kansas City, MO • Answer faculty, staff, and student inquiries regarding computer software and hardware issues over the phone and in person • Troubleshoot and resolve problems with Windows XP, Microsoft Office, Oracle and GroupWise • Install and upgrade software, PC hardware, and peripheral equipment in offices and classrooms • Provide technical support for DeVry University centers across the Midwest Region by use of network resources and Remote Admin • Accurately document all issues and resolutions in the HelpDesk ticket system Provisioning January 2004 – December 2006 TEKsystems Overland Park, KS • Set up new customers in Sprint’s system for Time Warner Cable digital phone service using DPOM, NIDA, SOE, Will Server and SOA • Assisted clients with existing telephone numbers or cable by sending out local service requests to current providers • Changed or disconnected telephone services for digital phone customers per requests • Verified that customers’ address information is correct for emergency purposes and directory listings 21"
Entry Level IT Networking Resume.pdf,22,Text,"Resume Reminders 1. Appearances count! Pay attention to how your resume looks. Are there spelling errors? Is space utilized efficiently and neatly? As you proofread your resume, do you find yourself “skipping over” certain lines? If so, perhaps they are too wordy. Have 2-3 people proofread your resume to make sure all errors are caught. 2. Size of Font. Use 10-, 11- or 12-point font on your resume. Headings can be printed in larger fonts to draw the reader’s attention, but avoid anything too large as it may look unprofessional. 3. One page! Unless you have over 10 years of relevant experience, your resume should be one page. If you go to 2 pages, put your name and “page 2” at the top of the second page. 4. Truth or consequences. Do NOT put untrue statements on your resume. It can be grounds for termination! 5. State your ACCOMPLISHMENTS not just your job description! Don’t just copy your job duties straight from the job description. Think about all of the things that make you an exceptional employee. Employers need to be able to see your results. 6. Quantify your accomplishments. Use number as indicators of how much you accomplished, whenever possible (example: increased sales by 15%). 7. No excuses. Don't include reasons for leaving on your resume. Save that for applications and interviews. In the same manner, don’t point out your negatives, like a low GPA. 8. Target your resume. Think of your resume as an advertisement, and consider your career goal or objective when writing your resume. Do the accomplishments, skills, etc. somehow reflect your career objective? Use the language of your desired profession. 9. Don’t include personal information. Personal information about your marital status, religious affiliation, hobbies, family, age, or race does NOT belong on your resume. 10. Know your audience. Use the vocabulary of the hiring and/or department manager. What skill sets that you have are they looking to hire? In technical fields, what are the “keywords/skills” that employers are looking for? Show how you would add value. 11. Don’t include your salary history. Save that for the interview process. 12. Do not include the following statement on your resume, “References available upon request”. It is understood that you will provide references if so requested, and you are only wasting valuable space on your resume. 13. Have references listed on a separate sheet and DO NOT include the list with your resume – you will be asked for them, so be prepared to supply the list when asked. Use professional references, such as previous employers/ supervisors, co-workers, and professors/ instructors. 14. Use bold, italics, underlining and capitalization to highlight. With the exception of scannable resumes, use these tricks to capture the reader’s attention to important parts of your resume. However, make certain that the finished result is crisp & professional. 15. Be neat! Don’t fold, crease, or crumple your resume. Your resume should be a demonstration of your very best work. 16. Spell-check your resume over and over. While you’re at it, check your phone number! 17. Highlight your strengths by putting the most impressive sections of your resume FIRST. If you have different sections that are equally impressive, use the most recent towards the top. 18. Do NOT use pronouns. Avoid complete sentences (this is one time when proper sentence structure is not used). Your sentence structure in accomplishment statements should start with an action verb (see p.20) followed by an action statement. Never use “I”. 19. If you have multiple college degrees, begin with the highest degree first. If you have two degrees at the same level (e.g. Bachelor’s degrees), start with the most recent. 20. Don’t include a photograph of yourself when sending your resume. 21. Use specific headings. Instead of “Work History”, try using “Business Experience”. 22. Resume paper required. First impressions count, so choose your resume paper wisely. The nicest paper will have cotton added, and will be in a professional color. Your best bet is something light (white, beige, or gray). Avoid splashy colors and overly feminine shades like pink. Don’t use colored ink…plain black is best. Also, remember that your resume may be photocopied, so avoid any kind of paper with a “grainy” look that may not photocopy well. 22"
Entry Level IT Networking Resume.pdf,23,Text,"Creating an Electronic Resume When would you need an electronic resume?  Sending resumes via e-mail  Completing online job applications  Posting your resume to an online job board How is an electronic resume different from a traditional “paper” resume? More than likely, companies will feed your resume into a database. Recruiters will search the databases using keywords to find the top candidates. Thus, ensure that your resume is RICH with keywords for your field. To determine keywords that might be used, look at a variety of job announcements to see what kinds of “buzz words” are being used. Also, make sure that you list SPECIFIC names of programs & languages that you use. Furthermore, the “appearance” of your electronic resume won’t matter as much since you will not be able to use bolding or large fonts. How do I transform my traditional resume into an electronic version?  In your word processing program, open the traditional resume.  Set the margins so that 6.5” of text is displayed. Enter 1” for the left margin and 1.75” for the right margin. With 6.5” margins, your finished document should fit into most email browsers and online application forms.  There are two ways to convert your traditional resume into an electronic version: a. One - Select all of the text and change the font to Courier, 12 point. Using this font ensures that all of the letters are the same size. Copy the document and paste it into Notepad, Wordpad or some other text editor. Now you are ready to make additional changes. b. The other - Start Microsoft Word. Open your .doc resume file. Save your .doc resume file as a Text Only (*.txt) file. You'll note that your resume hasn't changed. Close the .txt file. To see the changes, open the .txt file. Now you are ready to reformat your resume and save it.  Replace all bullets and characters. For bullets, you can use an asterisk or hyphen. For characters such as $ or %, just write out the words “dollars” and “percent”.  To emphasize your name and section headings, use all CAPS.  Save the document when you have finished editing it in its entirety.  Cut and paste the document into a test email message. You will paste the document directly into the body of the email. Send the email to yourself and someone else to see how it looks to the recipient.  Finally, review what you have written. Does it focus on skills, or duties? Remember, if your resume ends up in a recruiter’s database, you will need plenty of “keywords” in it to ensure your resume is pulled up during their queries! Should I include a cover letter with my emailed resume?  Always include a cover letter when you are sending a resume through the U.S. mail or electronic mail.  In the body of the email, write the cover letter first. After the signature line, put a line reading “RESUME FOLLOWS”. Then, cut and paste your electronic resume after the cover letter Additional sources of information The Riley Guide - Prepare Your Resume for Emailing or Posting on the Internet http://www.rileyguide.com/eresume.html These instructions assume that your resume is in MS Word for Windows, including Windows XP. 23"
Entry Level IT Networking Resume.pdf,24,Text,ACTION VERBS Communication/People Skills Addressed Debated Interviewed Reconciled Advertised Defined Involved Recruited Advocated Developed Joined Referred Arbitrated Directed Judged Reinforced Arranged Discussed Lectured Reported Articulated Drafted Listened Resolved Authored Edited Marketed Responded Clarified Elicited Mediated Solicited Collaborated Encouraged Moderated Specified Communicated Enlisted Negotiated Spoke Composed Explained Observed Suggested Condensed Expressed Outlined Summarized Conferred Formulated Participated Synthesized Consulted Furnished Persuaded Translated Contacted Incorporated Presented Wrote Conveyed Influenced Promoted Convinced Interacted Proposed Corresponded Interpreted Publicized Creative Skills Acted Designed Illustrated Originated Adapted Developed Improvised Performed Applied Directed Initiated Photographed Began Displayed Instituted Planned Combined Drew Integrated Presented Composed Entertained Introduced Revised Conceptualized Established Invented Revitalized Condensed Fashioned Modeled Shaped Created Formulated Modified Solved Customized Founded Navigated Efficiency Skills Accelerated Expanded Outlined Standardized Allocated Expedited Outsourced Streamlined Boosted Heightened Prevented Synthesized Centralized Lessened Prioritized Systematized Downsized Leveraged Reorganized Upgraded Edited Maximized Reduced Eliminated Merged Revised Enhanced Optimized Simplified 24
Entry Level IT Networking Resume.pdf,25,Text,Financial Skills Administered Calculated Forecasted Qualified Adjusted Compared Managed Reconciled Allocated Computed Marketed Recorded Analyzed Conserved Measured Reduced Appraised Corrected Netted Researched Assessed Counted Planned Retrieved Audited Determined Prepared Verified Balanced Developed Programmed Budgeted Estimated Projected Helping Skills Adapted Contributed Familiarized Rehabilitated Advocated Cooperated Furthered Represented Aided Counseled Guided Resolved Answered Demonstrated Helped Simplified Arranged Diagnosed Insured Solved Assessed Educated Intervened Supplied Assisted Encouraged Motivated Supported Clarified Ensured Prevented Trained Coached Expedited Provided Upheld Collaborated Facilitated Referred Volunteered Management / Leadership Skills Achieved Delegated Intervened Presided Administered Developed Increased Prioritized Analyzed Directed Initiated Produced Appointed Eliminated Inspected Recommended Approved Emphasized Instituted Reorganized Assigned Enforced Launched Replaced Attained Enhanced Led Restored Authorized Established Managed Reviewed Chaired Executed Mediated Scheduled Challenged Generated Merged Secured Considered Handled Motivated Selected Consolidated Headed Navigated Streamlined Contracted Hired Organized Strengthened Controlled Hosted Originated Supervised Converted Implemented Overhauled Terminated Coordinated Improved Oversaw United Decided Incorporated Planned 25
Entry Level IT Networking Resume.pdf,26,Text,Clerical / Organizational Skills Approved Distributed Ordered Routed Arranged Executed Organized Scheduled Catalogued Filed Prepared Screened Categorized Generated Processed Submitted Charted Incorporated Provided Supplied Classified Inspected Purchased Standardized Coded Logged Recorded Systematized Collected Maintained Registered Updated Compiled Monitored Reserved Validated Corrected Obtained Responded Verified Corresponded Operated Reviewed Research Skills Analyzed Diagnosed Inspected Researched Clarified Evaluated Interviewed Reviewed Collected Examined Invented Searched Compared Experimented Investigated Solved Conducted Explored Located Summarized Controlled Extracted Measured Surveyed Critiqued Formulated Organized Systematized Detected Gathered Replicated Tested Determined Identified Reported Teaching Skills Adapted Developed Incorporated Simulated Advised Enabled Individualized Stimulated Aided Encouraged Informed Supervised Clarified Evaluated Initiated Supported Coached Explained Instilled Taught Communicated Facilitated Instructed Tested Conducted Focused Lectured Trained Coordinated Fostered Motivated Transmitted Critiqued Guided Persuaded Tutored Defined Helped Prepared Technical Skills Adapted Customized Evaluated Resolved Administered Debugged Implemented Restored Analyzed Designed Installed Set up Applied Devised Integrated Solved Assembled Detected Maintained Standardized Built Determined Modified Supported Compiled Developed Operated Tested Configured Diagnosed Overhauled Transmitted Constructed Documented Programmed Troubleshot Converted Engineered Repaired Upgraded Created Enhanced Replaced Utilized 26
IT Infrastructure Administrator Resume.pdf,1,Table Row,"COMPANY: SASFIN BANK LTD
DIVISION: Information Technology
JOB TITLE: Infrastructure Administrator
MANAGER: Infrastructure Manager
LOCATION: Waverley, Johannesburg"
IT Infrastructure Administrator Resume.pdf,1,Table Row,"MAIN PURPOSE OF THE JOB
The Infrastructure Administrator is responsible for ensuring that the performance and availability of the server and
network infrastructure is maintained to the highest standard with maximum levels of productivity and efficiency. They are
responsible for ongoing administration and support of all Infrastructure systems.
Administrators are responsible for
• advising systematic know how of procedures, operations and work instructions"
IT Infrastructure Administrator Resume.pdf,1,Table Row,"• checking systems and equipment for substandard performance or malfunctioning
• fixing systems and equipment problems
• identifying performance problems and malfunctions
• maintaining hardware and corresponding documentation of fixes, notes and recommendations
• performing hardware checks using appropriate testing and benchmarking tools
• daily infrastructure checks and reports
Infrastructure deals with"
IT Infrastructure Administrator Resume.pdf,1,Table Row,"• Communications and connectivity :- , Network configuration, Network devices and equipment, Network
infrastructure preparation, Network management tools, Network monitoring ( traffic, transmission quality, etc...),
Network security, encryption and PKI, Network support, Phone, satellite, wireless and cables, Switch
technologies and PBX’s, Telecommunications policy and standards, Backup and restore techniques, Logistics
setup and maintenance, Performance monitoring and tools, Service level agreements, Systematic and routine
tasks, Updating live systems
• Enterprise security design :- Firewalls (hardware/software), Information security, Internet security, Securing
different networks and connectivity types, Security for applications, databases and websites, Security for
control and accessibility equipment, Security infrastructure, Security standards and protocols, Security tools,"
IT Infrastructure Administrator Resume.pdf,1,Table Row,"Server security, Security auditing
An Infrastructure Administrator must have the ability to work on:
• Communications and connectivity
• Internet technologies, IP technologies
• Network devices and equipment
• Network management tools
• Networking design and diagrams
• Networking standards and protocols"
IT Infrastructure Administrator Resume.pdf,1,Table Row,"• Routers, switches, hubs, and firewalls
• Wired, wireless, and satellite networks
• Windows Server Operating systems
• Systems Centre Products
• Microsoft Exchange
• Hyper V Hosts
• SAN Storage
• SQL Administration and monitoring"
IT Infrastructure Administrator Resume.pdf,1,Table Row,"KEY AREAS OF RESPONSIBILITY
1. Monitoring
a. Maintain monitoring and management platforms
b. Monitoring network usage; gathering monitoring statistics
c. Managing routine preventative procedures and maintaining and monitoring network security
d. Proactively manage the monitoring and reporting of infrastructure capacity including bandwidth,"
IT Infrastructure Administrator Resume.pdf,1,Table Row,"storage etc.
e. Provide capacity usage information to facilitate capacity planning"
IT Infrastructure Administrator Resume.pdf,1,Table Row, | COMPANY: |  | 
IT Infrastructure Administrator Resume.pdf,1,Table Row, | DIVISION: |  | 
IT Infrastructure Administrator Resume.pdf,1,Table Row, | JOB TITLE: |  | 
IT Infrastructure Administrator Resume.pdf,1,Table Row, | MANAGER: |  | 
IT Infrastructure Administrator Resume.pdf,1,Table Row, | LOCATION: |  | 
IT Infrastructure Administrator Resume.pdf,1,Table Row, |  |  | 
IT Infrastructure Administrator Resume.pdf,1,Table Row, | MAIN PURPOSE OF THE JOB |  | 
IT Infrastructure Administrator Resume.pdf,1,Table Row, |  |  | 
IT Infrastructure Administrator Resume.pdf,1,Table Row, |  | 
IT Infrastructure Administrator Resume.pdf,1,Table Row, | KEY AREAS OF RESPONSIBILITY | 
IT Infrastructure Administrator Resume.pdf,1,Table Row, |  | 
IT Infrastructure Administrator Resume.pdf,2,Table Row, | DESCRIPTION OF TASKS | 
IT Infrastructure Administrator Resume.pdf,2,Table Row, |  | 
IT Infrastructure Administrator Resume.pdf,2,Table Row, | SKILLS AND QUALIFICATIONS REQUIRED | 
IT Infrastructure Administrator Resume.pdf,2,Table Row, |  | 
IT Infrastructure Administrator Resume.pdf,3,Table Row, | PERSONAL ATTRIBUTES | 
IT Infrastructure Administrator Resume.pdf,3,Table Row, |  | 
IT Networking Manager Resume.pdf,1,Table Row,Matthew Winston
IT Networking Manager Resume.pdf,1,Table Row,
IT Networking Manager Resume.pdf,1,Table Row,IT Support History
IT Networking Manager Resume.pdf,1,Table Row,
IT Networking Manager Resume.pdf,1,Table Row,
IT Networking Manager Resume.pdf,1,Table Row,Synopsis:
IT Networking Manager Resume.pdf,1,Table Row,With 15+ years of experience in the
IT Networking Manager Resume.pdf,1,Table Row,"IT/Telecom industry, I have acquired a"
IT Networking Manager Resume.pdf,1,Table Row,tremendous amount of hands on and
IT Networking Manager Resume.pdf,1,Table Row,technical project management
IT Networking Manager Resume.pdf,1,Table Row,knowledge. My current objective is to
IT Networking Manager Resume.pdf,1,Table Row,apply my technical knowledge and
IT Networking Manager Resume.pdf,1,Table Row,project management skills to help lead
IT Networking Manager Resume.pdf,1,Table Row,a competitive growing company to a
IT Networking Manager Resume.pdf,1,Table Row,new level of success and guide them
IT Networking Manager Resume.pdf,1,Table Row,towards a new age of advanced
IT Networking Manager Resume.pdf,1,Table Row,technology.
IT Networking Manager Resume.pdf,1,Table Row,
IT Networking Manager Resume.pdf,1,Table Row,Technical Skills:
IT Networking Manager Resume.pdf,1,Table Row,
IT Networking Manager Resume.pdf,1,Table Row,Systems:
IT Networking Manager Resume.pdf,1,Table Row,"Windows 2000, 2003 Server and"
IT Networking Manager Resume.pdf,1,Table Row,"Professional, Win XP (Pro and Home),"
IT Networking Manager Resume.pdf,1,Table Row,"Win 3.11/95/98, Dos 6.22, Citrix ICA"
IT Networking Manager Resume.pdf,1,Table Row,MS Exchange 2000
IT Networking Manager Resume.pdf,1,Table Row,
IT Networking Manager Resume.pdf,1,Table Row,Hardware:
IT Networking Manager Resume.pdf,1,Table Row,"HP, IBM, Dell, & Intel based Server"
IT Networking Manager Resume.pdf,1,Table Row,and Desktop platforms
IT Networking Manager Resume.pdf,1,Table Row,Cisco 2500 Switches
IT Networking Manager Resume.pdf,1,Table Row,Sonic Wall Hardware VPN’s
IT Networking Manager Resume.pdf,1,Table Row,HP Laser jets
IT Networking Manager Resume.pdf,1,Table Row,Toshiba E-310 Color Copier
IT Networking Manager Resume.pdf,1,Table Row,Toshiba and Sony Laptops
IT Networking Manager Resume.pdf,1,Table Row,Inter-tel Axxess VOIP phone system
IT Networking Manager Resume.pdf,1,Table Row,administrator
IT Networking Manager Resume.pdf,1,Table Row,
IT Networking Manager Resume.pdf,1,Table Row,Software:
IT Networking Manager Resume.pdf,1,Table Row,"Microsoft: Windows 2000 and 2003,"
IT Networking Manager Resume.pdf,1,Table Row,"Server. Office (97,2000,XP, 2003)"
IT Networking Manager Resume.pdf,1,Table Row,"Visio, Publisher, Front Page, Power"
IT Networking Manager Resume.pdf,1,Table Row,Point
IT Networking Manager Resume.pdf,1,Table Row,Citrix Metaframe XP
IT Networking Manager Resume.pdf,1,Table Row,"Symantec: PC Anywhere, Ghost,"
IT Networking Manager Resume.pdf,1,Table Row,"Antivirus, Utilities, Win fax"
IT Networking Manager Resume.pdf,1,Table Row,McAfee Virus Scan
IT Networking Manager Resume.pdf,1,Table Row,"Adobe: Acrobat, Illustrator, Photoshop,"
IT Networking Manager Resume.pdf,1,Table Row,Partition Magic
IT Networking Manager Resume.pdf,1,Table Row,"Adware, Spyware, Malware, Virus-"
IT Networking Manager Resume.pdf,1,Table Row,Removal.
IT Networking Manager Resume.pdf,1,Table Row,
IT Networking Manager Resume.pdf,1,Table Row,Networking:
IT Networking Manager Resume.pdf,1,Table Row,"TCP/IP, Wireless 802.11 a/b/g, DNS,"
IT Networking Manager Resume.pdf,1,Table Row,"WINS, DHCP."
IT Networking Manager Resume.pdf,1,Table Row,
IT Networking Manager Resume.pdf,1,Table Row,"B
Certifications:"
IT Networking Manager Resume.pdf,1,Table Row,3 Com 3 star Sales Certification
IT Networking Manager Resume.pdf,1,Table Row,APC Symmetra Certified Systems
IT Networking Manager Resume.pdf,1,Table Row,Engineer
IT Networking Manager Resume.pdf,1,Table Row,Nortel Networks Certified Account
IT Networking Manager Resume.pdf,1,Table Row,Specialist- Enterprise solutions
IT Networking Manager Resume.pdf,1,Table Row,3 Com Certified Solutions Associate
IT Networking Manager Resume.pdf,1,Table Row,Cisco Certified Sales Expert – Small to
IT Networking Manager Resume.pdf,1,Table Row,Medium Business Solutions
IT Networking Manager Resume.pdf,2,Text,"M W ATTHEW INSTON 851 Kansas Ave • Stuart, FL 34997 Res: 772-288-9428 • Cell: 722-288-0024 • wins@aol.com INFORMATION TECHNOLOGY PROFESSIONAL Project management professional with history of achieving cost savings and enhancing system functionality. Track record of tackling and solving tough business and technical problems. Strong leader with demonstrated ability to work effectively with individuals at all levels and in all functional areas. Experience managing full project lifecycle from requirements gathering to final implementation and customer training. r Highlights of Expertise: • Project Management • Resource Management • Key Account Management • Vendor Evaluation • Innovative IT Initiatives • Client Relations • Strategy & Execution • Treoubleshooting/Resolution • End-user Support Technical Proficiencies: Platforms: Windows 2000, 2003 Server and Professional, Windows XP (Pro and Home), Win 3.11/95/98, Dos 6.22, Citrix ICA, MS Exchange 2000 Hardware: HP, IBM, Dell, and Intel Based Server and Desktop Platforms, Cisco 2500 Switches, Sotnic Wall Hardware VPNs, HP Laser Jets, Toshiba E-310 Color Copier, Toshiba and Sony Laptops, Inter-tel Axxess VOIP Phone System Administrator Software: MS Officfe, Visio, Citrix Metaframe XP, Symantec: PC Anywhere, Ghost, Antivirus, Utilities, Win fax; McAfee Virus Scan, Adobe: Acrobat, Illustrator, Photoshop, Partition Magic, Adware, Spyware, Malware, Virus-Removal Networking: A TCP/IP, Wireless 802.11 a/b/g, DNS, WINS, DHCP RELEVANT EXPERIENCE HILTON INN SOUTH / HILTON MANAGEMENT GROUP, Orlando, FL (2001–2005) IT Manager, Planning & Integration Support • As Lead Engineer, project managed the installation and configuration of secure LAN’s, WAN’s and Intranets for 75+ retail locations on-time and within budget. • Provided Tier 2 and 3 end-user support for 90+ corporate users. ECS TECHNOLOGIES, Stuart, FL (1999 – 2001) Sales Manager • Worked closely with general manager to create new marketing plans. Trained account managers in sales techniques and monitored results. • Personally developed and maintained key accounts with Fortune 1000 companies. • Oversaw project development capabilities involving clients, contractors and consultants in assigned region. • Managed multifaceted engineering issues for designated accounts; effectively worked onsite with customers on qualification, configuration and repair. • Provided detailed documentation to corporate resulting in reduction resolution time. …continued… Resume Contributed for Sample Purposes Only Written by ©AResumeWizard.com"
IT Networking Manager Resume.pdf,3,Text,"MATTHEW WINSTON • Page 2 BEST BUY, INC., Minneapolis, MN (1996–1998) Account Executive • Supported inside sales and account management activities. Prospected and secured new clients by telephone and in person. • Provided detailed funnel reports to general manager regarding prospective clients and sales projections. • Established and maintained professional relationships with customers to better anticipate and satisfy their needs. r CIRCUIT CITY, Minneapolis, MN (1990–1996) Retail Sales Manager e • Directed retail sales workforce ensuring they were properly trained and knowledgeable of current product offerings. • Monitored sales figures and assisted team members with sales techniques and complex transactions. • Resolved customer concerns in a positive and helpful manner. t ADDITIONAL EXPERIENCE f MORTGAGE AUTHORITY INC. / DOCKSIDE REALTY GROUP INC., Minneapolis, MN (2005–2008) Branch Manager / Realtor A • Originated 3 to 5 residential mortgage loans per month producing over $18 million per year in real estate secured loans. • Specialize in residential resale and new homes sales. Recognized as “Listing Agent of the Month” in July 2007. TECHNOLOGY CERTIFICATIONS Nortel Networks Certified Account Specialist - Enterprise Solutions ▪ Cisco Certified Sales Expert – Small to Medium Business Solutions ▪ 3 Com: Certified Solutions Associate, Three Star Sales Certification ▪ APC Symmetra Certified Systems Engineer EDUCATION AND ASSOCIATIONS Community Finance Group, Minneapolis, MN − Financing & Mortgage Origination ICG Professional School, Minneapolis, MN − Real Estate Sales Professional Minnesota Real Estate Commission (MREC) − Minnesota Real Estate License Member, National Association of Realtors (NAR) Member, Minnesota Association of Realtors (MAR) Resume Contributed for Sample Purposes Only Written by ©AResumeWizard.com"
Jordan-Reyes-IT-Support-Specialist-Resume (TechieCV.com).pdf,1,Text,"Jordan Reyes IT Support Specialist Phoenix, AZ • jordan.reyes@gmail.com • +1 602-555-0188 PROFILE SUMMARY IT Support Specialist with 6 years of experience supporting enterprise end-user computing environments across e- commerce, web hosting, and corporate IT, specializing in endpoint deployment, identity lifecycle, and white-glove user support. Solid technical background across ticketing (ServiceNow, Jira Service Management), endpoint management (Microsoft Intune, Windows Autopilot), identity (Active Directory, Entra ID), productivity suites (Microsoft 365), remote support (BeyondTrust (Bomgar)), and scripting (PowerShell, Bash) with strong fundamentals in ITIL service-management practice, ticket triage discipline, and audit-ready documentation. Deep practice in first-touch resolution, least-privilege account hygiene, zero-touch endpoint deployment, and white-glove executive support, leveraging methodologies such as ITIL incident and request workflows and knowledge-centered service to drive responsive, well-documented, and end-user-loved IT support. Engaged collaborator working cross-functionally with Sysadmin, Security, HR, and Facilities teams in ITIL-aligned service- desk operations, contributing to onboarding waves, hardware refresh cycles, and post-incident retrospectives with a user- first, ownership-first mindset. Emerging leader who shares technical excellence and fosters a culture of customer-obsessed service and runbook discipline through KB authoring and shadow-and-handoff coaching, while leading tier-1 mentorship sessions and authoring widely adopted onboarding and offboarding playbooks. TECHNICAL SKILLS Ticketing & ITSM: ServiceNow, Jira Service Management, Zendesk, Freshservice, Spiceworks Endpoint & MDM: Microsoft Intune, Windows Autopilot, Jamf Pro, SCCM, MDT, BitLocker, FileVault Identity & Access: Active Directory, Entra ID, Okta SSO, Google Workspace, ADUC, MFA, Conditional Access Productivity & Mail: Microsoft 365 (Outlook, Teams, SharePoint, OneDrive), Exchange Online, Zoom, Slack Remote & Endpoint Tools: BeyondTrust (Bomgar), TeamViewer, Splashtop, Quick Assist, RDP, AnyDesk Networking & Connectivity: Cisco AnyConnect VPN, Meraki Wi-Fi, DNS, DHCP, TCP/IP, basic switch port checks, printer queues Security & Compliance: CrowdStrike Falcon, MFA enforcement, phishing-report workflows, BitLocker recovery, HIPAA basics Scripting & OS: PowerShell, Bash, Python (basic), Windows 10/11, macOS, ChromeOS, iOS/Android MDM EDUCATION Arizona State University B.S. in Information Technology Tempe, AZ • Sep 2016 - May 2020 WORK EXPERIENCE Carvana Senior IT Support Specialist Tempe, AZ • Sep 2022 - Present Owned end-user support across the corporate IT service desk in an online-retail environment serving 3,200+ employees, leading day-to-day operation across ticket triage, endpoint deployment, and identity and access support across 9 office and inspection-center sites with ServiceNow as the system of record. Ran endpoint imaging and deployment for 3,400+ Windows and macOS endpoints using Microsoft Intune and Windows Autopilot, applying zero-touch enrollment, compliance baselines, and BitLocker key recovery workflows, cutting provisioning time from 4 hours to 35 minutes per device."
Jordan-Reyes-IT-Support-Specialist-Resume (TechieCV.com).pdf,2,Text,"Managed account lifecycle and access provisioning for 3,200+ user accounts across Active Directory, Entra ID, and Okta SSO, driving joiner/mover/leaver flows from HR feeds, group-based application access, and MFA enforcement with self- service password resets, reducing access-related tickets by 44%. Diagnosed and resolved daily connectivity issues across Meraki Wi-Fi, Cisco AnyConnect VPN, DNS/DHCP resolution, conference-room AV, and VoIP phone provisioning for 3,200+ daily users, lifting first-touch resolution from 58% to 82%. Led hardware refresh and peripheral support for 1,150 laptops and monitors, running vendor RMAs through Dell ProSupport, asset tagging in Snipe-IT, plus conference-room and printer-fleet maintenance, delivering 99.4% inventory accuracy at quarterly audit. Built the team's service-desk knowledge base in ServiceNow, authoring and maintaining 220+ KB articles plus onboarding playbooks for new hires and self-service walkthroughs in SharePoint, lifting helpdesk survey scores to 4.8 / 5 CSAT across the past 4 quarters. Owned the IT side of onboarding and offboarding for 380+ new hires and 190 offboardings, coordinating day-1 laptop imaging, HR-synced account provisioning, and badge / MFA / shared-drive setup, achieving 100% access revocation within 1 hour of termination. GoDaddy IT Support Specialist Tempe, AZ • Aug 2019 - Aug 2022 Worked the tier-1 and tier-2 service-desk queue at a steady 65 to 90 tickets per week, applying ITIL triage, warm hand-offs to networking and security, and end-of-shift queue grooming, lifting mean time to resolve from 2.7 hours to 48 minutes over the first 12 months. Owned end-user software and patch deployment through Intune app rings, monthly Patch Tuesday rollouts, and break/fix follow-ups within the maintenance window, holding endpoint patch compliance at 96% within 14 days across the user fleet. Ran end-user security workflows including phishing-report intake, MFA enrollment for 1,800 staff, and lost-device wipe procedures, contributing to a 38% drop in repeat-clicker reports across 4 quarters. Worked closely with Sysadmin, Security, HR, and Facilities teams to coordinate quarterly hardware refreshes, executive onboarding, and office-move IT logistics, authoring 14 helpdesk runbooks that shaped the team's standard playbook and mentoring 4 tier-1 technicians through their first ticket queues."
Jordan-Reyes-Network-Engineer-Resume (TechieCV.com).pdf,1,Text,"Jordan Reyes Network Engineer San Francisco, CA • netengineer@gmail.com • +1 4155-3333 PROFILE SUMMARY Network Engineer with 8 years of experience operating enterprise networks across SaaS, colocation, and enterprise IT, specializing in multi-vendor routing and switching, network security, and SD-WAN. Solid technical background across routing and switching (Cisco IOS-XE, Juniper Junos), firewalls (Palo Alto Networks), wireless (Cisco Meraki), SD-WAN (Cisco SD-WAN (Viptela)), cloud connectivity (AWS Direct Connect, Azure ExpressRoute), load balancing (F5 BIG-IP), monitoring (SolarWinds, ThousandEyes), and automation languages (Python, Bash) with strong fundamentals in protocol-level fluency, packet-capture diagnostics, and audit-grade documentation. Deep expertise in high-availability network design, defense-in-depth segmentation, software-defined networking, and zero- touch provisioning, leveraging methodologies such as change-management workflows and quarterly failover drills to drive resilient, high-throughput, and secure networks. Engaged collaborator working cross-functionally with Security, DevOps, and IT teams in ITIL-aligned, change-controlled environments, contributing to change-advisory boards, design reviews, and post-incident retrospectives with a pragmatic, ownership-first mindset. Emerging leader who shares technical excellence and fosters a culture of protocol rigor and diagram and runbook discipline through PR reviews and runbooks, while leading network-engineering guild sessions and authoring widely adopted runbook and design templates. TECHNICAL SKILLS Routing & Switching: Cisco IOS-XE, Juniper Junos, Arista EOS, BGP, OSPF, EIGRP, IS-IS, VLAN, STP, EtherChannel Network Security: Palo Alto Networks, Fortinet, Cisco ASA, IDS/IPS (Snort, Suricata), NAC (Cisco ISE), Zero Trust, ACLs Wireless: Cisco Meraki, Aruba Central, Ubiquiti UniFi, Ekahau site surveys, 802.11ac/ax, RF tuning WAN & SD-WAN: MPLS, IPsec VPN, SSL VPN, Cisco SD-WAN (Viptela), VeloCloud, Meraki SD-WAN, ISP management Cloud & Hybrid Networking: AWS VPC, Azure VNet, GCP VPC, Direct Connect, ExpressRoute, Transit Gateway, cloud- native firewalls Monitoring & Load Balancing: SolarWinds, ThousandEyes, PRTG, Nagios, NetFlow, Wireshark, F5 BIG-IP, Citrix ADC, NGINX, HAProxy, GSLB Automation & NetDevOps: Ansible, Python (Netmiko, NAPALM), Terraform, Git, NETCONF/YANG, Jinja2 templating Protocols & Foundations: TCP/IP, IPv4/IPv6, HSRP/VRRP, MPLS, QoS, Multicast, DNS, DHCP, IPAM, RADIUS/TACACS+ EDUCATION Cal Poly San Luis Obispo B.S. in Computer Engineering San Luis Obispo, CA • Sep 2014 - May 2018 WORK EXPERIENCE Salesforce Senior Network Engineer San Francisco, CA • Sep 2021 - Present Own network architecture and design for the multi-region SaaS production network, leading topology across campus LAN, data center fabric, and WAN backbone at 60+ global sites with 900+ switches, routers, and firewalls under a single design standard. Operate enterprise routing and switching using BGP, OSPF, and EIGRP across Cisco Catalyst 9k, Nexus 9k, and Juniper QFX, applying VLAN segmentation, STP and EtherChannel design, and trunking with link aggregation, holding core uptime at 99.99% through the year."
Jordan-Reyes-Network-Engineer-Resume (TechieCV.com).pdf,2,Text,"Hardened the network security posture with next-gen firewall policies on Palo Alto, IDS/IPS signatures, and NAC enforcement via Cisco ISE under Zero Trust micro-segmentation, blocking 3,200+ critical threat events and shifting lateral- movement risk from moderate to contained. Designed and tuned enterprise wireless on Cisco Meraki across 1,200+ access points, driving Ekahau site surveys, RF channel and power tuning, and SSID and controller policy hardening for clean coverage across 14 office floors in 6 cities. Modernized WAN and SD-WAN connectivity across 60+ branch and remote sites via MPLS-to-SD-WAN migration on Cisco Viptela, IPsec and SSL VPN tunnels, and ISP diversity with carrier failover, cutting branch latency from 180 ms to 62 ms. Engineered hybrid cloud connectivity spanning AWS and Azure across 4 regions, delivering AWS Direct Connect and Azure ExpressRoute circuits, Transit Gateway and VNet hub-and-spoke peering, and cloud-native firewalls, sustaining 40 Gbps across the hybrid edge. Built end-to-end network observability on SolarWinds and ThousandEyes covering 900+ devices and 60 site links, with NetFlow and sFlow baselining, path-aware synthetic probes, and threshold-based alerting, reducing mean time to detect from 22 min to 3 min. Equinix Network Engineer Sunnyvale, CA • Jul 2018 - Aug 2021 Owned application traffic management for 80+ customer-facing apps using F5 BIG-IP virtual servers and iRules, DNS- based GSLB across 3 regions, and NGINX and HAProxy for microservice routing, sustaining 99.97% measured uptime through the on-call year. Cut operational toil from 34% to 11% with Ansible playbooks for switch and firewall configuration, Python scripts on Netmiko and NAPALM for bulk changes, and Git-based config repos with peer review, reclaiming 320+ engineer-hours per quarter. Led incident response across 38 SEV1/SEV2 network incidents during on-call rotations, running Wireshark and tcpdump packet captures, syslog and SNMP log correlation, and postmortems with owner-tagged follow-ups, cutting mean time to resolve from 2.8 hr to 34 min and curating 200+ network diagrams, IPAM records, and runbooks. Worked closely with Security, DevOps, and Data Center Operations teams across 7 colocation data centers on change- management windows, cross-connect provisioning, and capacity planning reviews, authoring 12 network design RFCs that shaped the org's network standard and onboarding 5 new network engineers."
Mateo-Velez-Network-Administrator-Resume (TechieCV.com).pdf,1,Text,"Mateo Velez Network Administrator McLean, VA • netadmin@gmail.com • +1 703-555-0148 PROFILE SUMMARY Network Administrator with 11 years of experience operating multi-site enterprise networks across hospitality, healthcare, and corporate IT, specializing in LAN/WAN administration, firewall operations, and enterprise wireless. Solid technical background across switching and routing (Cisco, VLAN trunking, OSPF), wireless (Meraki, 802.1X with WPA3 Enterprise), perimeter security (Palo Alto), monitoring (SolarWinds, NetFlow with Wireshark), and IPAM on Infoblox, with strong fundamentals in change-management discipline, monitoring rigor, and structured OSI-layer troubleshooting. Deep expertise in multi-site LAN/WAN administration, firewall and VPN operations, enterprise wireless management, and monitoring and incident response, applying practices such as OSI-layer troubleshooting and ITIL change management to deliver reliable, secure, and well-documented networks. Engaged collaborator working cross-functionally with Security, Server, Helpdesk, and Site IT teams in ITIL-driven IT operations, contributing to change advisory boards, post-incident reviews, and refresh planning with a pragmatic, ownership-first mindset. Senior operator who shares technical excellence and fosters a culture of runbook discipline and post-incident review rigor through after-action reviews and peer coaching, while leading network operations weekly review sessions and authoring widely adopted runbooks and SOPs. TECHNICAL SKILLS Routing & Switching: Cisco Catalyst, Cisco Nexus, VLAN trunking, inter-VLAN routing, OSPF, EIGRP, BGP, spanning tree (RSTP/MST), LACP/EtherChannel, HSRP/VRRP Firewalls & Security: Palo Alto PAN-OS, Fortinet FortiGate, Cisco ASA, ACL design, NAT, IPsec and SSL VPN, Zero Trust patterns, 802.1X with RADIUS Wireless: Cisco Meraki, Aruba Central, Ruckus, RF site surveys, WPA2/3 Enterprise, 802.1X authentication, guest SSID and captive portal, channel and power tuning WAN & SD-WAN: MPLS, Metro Ethernet, dedicated internet access (DIA), Cisco SD-WAN (Viptela), Meraki SD- WAN, site-to-site VPN, QoS for voice and video Monitoring & Performance: SolarWinds NPM/NCM, PRTG, Nagios, Zabbix, LibreNMS, NetFlow / sFlow analyzers, Wireshark, SNMPv3, syslog and trap collection DNS, DHCP & IPAM: Infoblox, BlueCat, Microsoft DNS and DHCP, BIND, phpIPAM, subnetting, DNS zones (forward and reverse), DHCP scopes and reservations Protocols & Troubleshooting: TCP/IP, OSPF, BGP, EIGRP, STP, ARP, ICMP, packet capture (Wireshark, tcpdump), ping/ traceroute/nslookup, OSI-layer troubleshooting Certifications & Methodologies:Cisco CCNA, Cisco CCNP Enterprise, CompTIA Network+, Palo Alto PCNSA, ITIL Foundation, change management, Visio / Lucidchart / draw.io documentation EDUCATION George Mason University B.S. in Information Technology Fairfax, VA • Sep 2011 - May 2015 WORK EXPERIENCE Hilton Worldwide Senior Network Administrator McLean, VA • Aug 2019 - Present Own the day-to-day administration of the corporate IT and brand-network environment, covering 850+ Cisco and Meraki devices across corporate HQ LAN, 40+ branch sites over SD-WAN, and enterprise wireless for 9,000+ corporate users. Administer the LAN, WAN, and VLAN fabric across 320 access and core switches at 42 sites, running VLAN trunking, inter-"
Mateo-Velez-Network-Administrator-Resume (TechieCV.com).pdf,2,Text,"VLAN routing, spanning tree, and LACP/EtherChannel link aggregation across 180 production VLANs at 99.99% fabric uptime. Run IPAM, DNS, and DHCP on Infoblox across 62k IP addresses, 640 subnets, and 180 DHCP scopes, holding forward and reverse DNS resolution at 20 ms at the branch edge. Manage perimeter security on Palo Alto PAN-OS, maintaining 1,400+ firewall rules across 18 security zones with ACLs, NAT, and 60 site-to-site IPsec tunnels, while terminating 2,200 concurrent remote-access VPN tunnels for hybrid users. Run the enterprise wireless fabric across 1,100 Meraki MR access points spanning 6 SSIDs and 2.4 / 5 / 6 GHz radios, with RF tuning, guest captive portal, and 802.1X authentication supporting 14,000 peak concurrent clients at 98.4% client connect rate. Operate network monitoring on SolarWinds across 850 polled devices, with NetFlow and Wireshark for deep dives, cutting MTTR on network incidents from 2 hr 40 min to 48 min and sustaining 99.98% uptime on tier-1 circuits. Triage and resolve 1,600+ network tickets per year, including 45 P1 incidents within a 30 min SLA, using OSI-layer troubleshooting, CLI tools (ping, traceroute, nslookup), and packet captures; hold escalations to under 4% and record 92% first-touch resolution. MGM Resorts International Network Administrator Las Vegas, NV • Jun 2015 - Jul 2019 Drove network change management and firmware patching across the property estate, processing 220+ network changes with planned maintenance windows shrinking from 6 hr to 90 min and zero failed firmware rollbacks. Owned network documentation in Visio and the team's IPAM and asset inventory, maintaining 60+ network diagrams and runbooks; cleared PCI and SOX audits in back-to-back years. Coordinated with 4 ISPs and 2 carriers on circuit installs, escalations, and RMAs, handling 300+ vendor and ISP tickets and closing them with zero billing disputes left open over 30 days. Worked closely with Security, Server, Helpdesk, and Property IT teams across 11 resort properties, authoring 35 runbooks and SOPs that shaped the team's operating baseline and onboarding 6 new-hire network administrators."
Priya-Raman-Database-Administrator-Resume (TechieCV.com).pdf,1,Text,"Priya Raman Senior Database Boston, MA • priya.raman@gmail.com • +1 617-555-0182 Administrator PROFILE SUMMARY Senior Database Administrator with 8 years of experience operating enterprise SaaS and developer-tooling teams across ticketing, CI/CD, and observability platforms, specializing in high availability, disaster recovery, performance tuning, and zero-downtime change management. Well-rounded skill set across relational (PostgreSQL, Oracle), NoSQL (MongoDB), managed cloud (AWS RDS), high availability (Patroni), backup (pgBackRest), schema migrations (Liquibase), and automation (Terraform, Ansible, Python). Deep expertise in HA architecture, backup & DR, performance tuning, and change management, leveraging methodologies such as GitOps for DB and compliance audits to drive fast, reliable, and audit-ready database operations across the estate. Engaged collaborator working cross-functionally with Platform, SRE, Security, Compliance, and Application teams in regulated SaaS environments, contributing to schema reviews, incident triage, and audit prep with a stability-first mindset. Emerging leader who shares technical excellence and fosters a culture of zero-downtime migrations and 99.99% availability through schema-review office hours and DR drills, while leading DBA guild sessions and authoring widely adopted runbook and replication-pattern guides. TECHNICAL SKILLS Relational Databases: PostgreSQL, Oracle, SQL Server, MySQL, MariaDB, IBM Db2 NoSQL & In-Memory: MongoDB, Cassandra, DynamoDB, Redis, Elasticsearch HA, Replication & Backup: Patroni, pgBackRest, Oracle Data Guard, RMAN, Always On AGs, MongoDB replica sets Cloud & Managed Services: AWS RDS, AWS Aurora, Cloud SQL, Azure SQL, RDS Proxy, AWS Backup Performance & Tuning: pg_stat_statements, AWR/ASH, SQL Profiler, Performance Insights, EXPLAIN ANALYZE, index tuning Security & Compliance: TDE, TLS in transit, Kerberos, LDAP, AAD, row-level security, SOX, HIPAA, PCI, GDPR Automation & IaC: Terraform, Ansible, Python, Bash, PowerShell, Liquibase, Flyway, GitHub Actions Monitoring & Observability: Datadog, Prometheus + Grafana, CloudWatch, pgwatch2, Sentry, New Relic EDUCATION Boston University B.S. in Computer Science Boston, MA • Sep 2014, May 2018 WORK EXPERIENCE Atlassian Senior Database Administrator Boston, MA • Aug 2022, Present Led installation, configuration, and upgrades across multi-region AWS RDS and self-managed estates, standardizing patch and parameter workflows behind Datadog dashboards, and shipped 3 major-version upgrades across 18 clusters with rolling cutovers, blue-green swaps, and zero data loss. Owned backup, recovery, and DR for 42 databases using pgBackRest with point-in-time recovery, ran weekly restore drills end-to-end across two geo-redundant regions, and held RPO ≤ 5 min and RTO ≤ 30 min across every quarterly DR test. Stood up streaming replication and automated failover with Patroni across 18 production clusters, tuned witness quorum and connection routing through HAProxy, drove median failover to under 30 seconds, and lifted database availability from 99.9% to 99.99%. Owned performance monitoring and tuning using pg_stat_statements and execution-plan analysis, reindexed hot tables, partitioned the orders surface, cut p95 query latency from 840 ms to 120 ms, and sustained 12k QPS peak through Black"
Priya-Raman-Database-Administrator-Resume (TechieCV.com).pdf,2,Text,"Friday traffic. Led security, access control, and compliance work: rolled out encryption at rest with AWS KMS, automated secrets rotation through HashiCorp Vault, layered row-level security, ran SOX and PCI audits with read-only auditor roles, and closed 47 findings across 3 audit cycles. Partnered with platform teams on schema change and release management via Liquibase, gated DDL through twice- weekly review boards, change windows with rehearsed rollback playbooks, and read-only auditor sign-off, shipping 220 migrations with 0 production outages. Drove automation and Infrastructure as Code for provisioning and routine ops using Terraform and Ansible, replaced ticket- based work with 14 self-service runbooks wired into GitHub Actions, and cut on-call toil by 60% in two quarters. Akamai Database Administrator Cambridge, MA • Jul 2018, Jul 2022 Managed Oracle Data Guard standbys for the legacy core, automating switchover and recovery with RMAN and custom Python tooling, cutting failover drill time from 4 hours to 35 minutes. Owned capacity planning and storage for a 40 TB estate, partitioning hot tables, archiving cold data to S3, and reclaiming 9 TB of storage while keeping read latency flat. Established change management discipline with peer reviews on every DDL and a staging-before-prod gate, holding production-deploy success rate at 99.5% across 180 releases. Mentored 2 junior DBAs, authored 6 runbooks (failover, RMAN restore, deadlock triage, replication health, capacity review, audit prep), and ran the on-call rotation for 15 production schemas."
Professional IT Project Manager Resume.pdf,1,Text,"NNAAMMEE 9 Any Street • City, ST 00000 • Tel 667.667.5555 • email@optonline.net Highly-effective operations management professional with more than a decade of experience delivering business process alignment, project management, and practical solutions to complex financial problems. A seasoned financial and operations management innovator leveraging a powerful set of technologies, business alignment experience, and a talent for strategically employing resources to achieve exceptional bottom line results. KEY QUALIFICATIONS Project Planning/Management •••• Quality Improvement •••• Customer Relations Management •••• Strategic Partnerships VoIP Telephony •••• Deployment & Installation •••• Project Implementation •••• Disaster Recovery •••• Vendor Management Database Solutions •••• Staff Training & Development •••• Financial Management •••• Contract Negotiation •••• Cost Controls CAREER HIGHLIGHTS Systems, Inc., City, ST 2006-2009 A leading provider of communications solutions including voice over internet protocol (VoIP) technology and integrated network and management services to financial services firms in more than 40 countries. DIRECTOR OF PROJECT MANAGEMENT Directed the project manager team, managed deployment and installations, performed financial and metrics reporting, conducted planning sessions, established project objectives, and ensured the alignment of goals and engagements to new product development. Utilized project management tools and documentation to enhance project delivery, tracking and metrics. KEY ACHIEVEMENTS • Managed a project install base of $43M in annual revenue for New York operations in 2008 with an average of more than 50 active projects per quarter. • Exceeded the service demands of top-tier global accounts including Citigroup, Bank of America, Merrill Lynch, DB, Barclays-Lehman, JP Morgan Chase, Goldman Sachs, and RBS. • Created an internal workflow process improving budgetary quotations, communications, documentation, proposed systems configurations and contract accuracy integrated for global use by project and sales teams. • Delivered significantly improved team proficiency and product knowledge through the deployment of formal IPC training courses. Company, North America, City, ST 2003-2006 Provides network IT services to large enterprise customers such as PepsiCo, Reuters, Cadbury, Proctor & Gamble, and many others in more than 70 key cities throughout the United States and Canada. SENIOR PROJECT MANAGER Performed project leadership and delivery, managed 24/7 remote support services, strategic partnerships, and all billing for company global project, and conducted end-to-end testing on third-party vendors. Chaired all customer project meetings and provided regular project progress and milestone reporting. KEY ACHIEVEMENTS • Led company Global client VPN/MPLS network solution project for Manpower, Inc. supporting several hundred sites across the United States and comprised of a more than 600-node DSL network with VPN technology connected to hub locations. • Delivered a fully managed service providing 24/7/365 remote network monitoring, dispatch and maintenance. • Installed Cisco routers and DSL modems at each client location with connection to the MPLS network and Manpower’s corporate data center."
Professional IT Project Manager Resume.pdf,2,Text,"Name • PAGE TWO Company continued • Managed the implementation of a Remote Global Access Service solution for United Technologies Corporation supporting more than 30,000 users worldwide and providing remote access to a variety of server- based applications via IPASS dialer and regional hubs with VPN concentrators using Cisco technology. Company, City, ST 2002-2002 A leading networking professional services company providing managed and outsourcing solutions to take advantage of networking-based electronic commerce and other network applications. The company employs more than 12,000 people and serves clients globally. CONSULTANT/PROJECT MANAGER WORLD TRADE CENTER DISASTER RECOVERY Led a team of professionals in the restoration and implementation of voice services after the New York September 11 disaster. Managed timelines, team and implementation of project objectives. Developed solutions to sensitive and complex issues and delivered communications and consult on the project’s structure, progress and milestones. KEY ACHIEVEMENTS • Led a team to restore the loss of voice services resulting from the 9/11 disaster including dial tone, private lines, Internet, digital and analog circuits. • Documented and inventoried all carrier voice circuits and systems servicing the trading floors, and upgraded the legacy inventory database to reflect the new circuits ordered, and disconnected existing services. • Converted analog voice circuits to digital T1 service, ordering digital circuits, disconnecting all analog circuits, and coordinating delivery, installation, testing, and circuit activation. Company, City, ST 2001-2001 Designs, manufactures, and sells Internet Protocol (IP)-based networking and other products relating to the communications and information technology industry worldwide. SERVICE AND SUPPORT MANAGER CUSTOMER ADVOCACY Managed Cisco’s largest global customer delivering consistent service excellence, and ensuring successful delivery of all support and services. Developed strong customer relations by liaising between customers and Cisco headquarters. KEY ACHIEVEMENTS • Provide a dedicated Customer Advocacy focal point to major strategic enterprise accounts ensuring that Cisco’s support programs effectively satisfied the customer’s current network needs. Company, City, ST 1999-2001 A global consulting and systems integration company serving large commercial and public sector organizations from offices around the world and employing some 4,500 people. Syntegra is a wholly owned subsidiary of British Telecom DIRECTOR OF OPERATIONS Provided installation, service and maintenance of British Telecom voice trading system technologies distributed across the United States and Latin America. Managed a technical staff of eight managers and ninety-field service and infrastructure personal. Performed oversight and direction in the areas of service, projects, installations, customer service and warehousing. KEY ACHIEVEMENTS • Exceed customer expectations through focused process improvement initiatives including development of objectives relevant to the business units in North America, closely evaluating and managing customer relations, team building practices, establishing service metrics, aligning the process with budget and cost controls."
Professional IT Project Manager Resume.pdf,3,Text,"Name • PAGE THREE Company—Global Technology Infrastructure, City, ST 1993-1999 One of the world’s largest financial institutions VICE PRESIDENT TELECOMMUNICATIONS Performed oversight and administration of staff, managed projects and deployed trading floor solutions across the Americas. Maintained disaster recovery sites and ensured corporate standards. KEY ACHIEVEMENTS • Provided support and installation of Carrier facilities, British Telecom Trading Platform, Nortel, Lucent PBX and operations support for more than 600 trading positions. • Supported business units including Foreign Exchange, Treasury, Capital and Emerging Markets. • Managed the global deployment of BT systems, reviewed business requirements and designed a system solution to meet the needs of each business. • Completed trading floor projects for new BT Systems in Mexico, Argentina, Sao Paulo and Rio de Janeiro Brazil; and performed disaster recovery planning for the Capital markets business. ADDITIONAL EXPERIENCE TELECOMMUNICATIONS MANAGER SYSTEMS/COMMUNICATIONS, Bank, City, ST 1985-1993 DATA CENTER ENGINEER, Bank, City, ST 1983-1985 SERVICE TECHNICIAN, Company, City, ST 1981-1983 INSTALLATION SPECIALIST, Company, City, ST 1980-1981 EDUCATION, PROFESSIONAL DEVELOPMENT & AFFILIATIONS Institute of Technology - coursework toward B.T.M. Degree. Digital Computer Technology, Technical School, 11/79 Project Management Certificate Program (PMI) 12/05 IPC Director Program – Building Personal Effectiveness as a Leader. 10/08 MILITARY, U.S. Navy Honorable Discharge, 12/09/77"
Senior IT Business Analyst Resume.pdf,1,Text,"SENIOR BUSINESS ANALYST / IT PROJECT MANAGER BUSINESS PROCESS & BUSINESS RULES ANALYST ROLANDO HERNANDEZ MIAMI FL 305.994.9510 JOBS@BIZRULES.COM EXECUTIVE SUMMARY • Process Improvement Analyst & Business Process Management Consultant for Fortune 500. • Project Manager and Business Analyst for large, complex IT projects/systems. • Designed the Enterprise Business Rules strategy & methodology for three of the Fortune 10 • Developed the BIZRULES® VISION™ Methodology for defining, documenting, managing, and automating business processes and business rules. Used by ExxonMobil, the IRS, and a Fortune 10 company • Experience using advanced Business Process Management (BPM) and Business Rules Engine (BRE) technology to reduce time to market, improve quality, ensure regulatory/legal/tax compliance, increase sales, cut costs, and maximize revenue. • Proven ability to architect and engineer complex systems that are flexible, easy to maintain, reuse code and business rules, and that align to business objectives. • Outstanding record of implementing advanced technology to build innovative business solutions and systems that work, change easily, and last. • Solid experience leading and carrying out all phases of full SDLC lifecycle enterprise system development, from planning, analyzing, designing, building, and testing new Web and Client/Server applications, to maintaining and modernizing legacy Mainframe applications. STRENGTHS • Big 5 consulting experience with IBM and EDS. • Master of Science (M.S.) in Artificial Intelligence, Bachelor of Science in Systems Analysis. • Industry experience in Cruise/Travel, Manufacturing, Insurance, Pension, Soft-Drink/Bottling, Fast-Food Quick-Service Franchise, Fleet Leasing, Oil/Lubricant, Energy, EH&S, and IT Consulting. • Fortune 500 experience with a Fortune 10 company, ExxonMobil, IBM, EDS, Pepsi, RCCL, Carnival/Cunard, and BK. SKILLS • Proven strategic thinking skills. • Excellent analytical, problem-solving, and decision-making skills. • Excellent verbal, oral, and written communication skills. Excellent presentation skills. • Exceptional interpersonal skills with ability to gain the confidence and respect of senior executives. • Proven ability to work with all levels of management, and the most senior of Subject Matter Experts. • Proven ability to communicate with and work with staff at every level of the organization. • Experience with Six Sigma, Project Management, and System Development Methodologies. • Experience using Zachman Enterprise Architecture Framework to align systems with business. • Ability to work independently and organize workload with minimal direct supervision. • Strong technical, management and leadership skills. • Knack for finding ways to improve business processes and speed up time to market. EXPERIENCE SUMMARY • Experience designing Business Process/Business Rules Integration strategy for Fortune 500. • Lots of experience with Business Process Management (BPM), Business Rules Management (BRM), Knowledge Management (KM), Business Intelligence (BI), and Data Warehousing (DW). • Extensive experience with the Business Rules approach & BRE (Business Rules Engine) technology. • Familiar with Customer Relationship Management (CRM), and 1-to-1 Personalization. • Exceptional ability to work with world-class Subject Matter Experts in order to extract their domain knowledge, business rules, decisioning process, and expertise so it can be documented and digitized. • Currently, helping a Fortune 10 company with Global Statutory Compliance such as Sarbanes-Oxley Act. Currently designing Business Models, Business Process Models, and Business Rule Models to help the Company document, assess, test, and certify that proper processes, rules, and controls are in place, as required by Sarbanes-Oxley Act. ATTRIBUTES • US Citizen – Able to work in the US without sponsorship. Bilingual – Fluent in English and Spanish. • Willing to travel as needed – Int’l. Experience working in England, France, Japan, Brazil, and Canada. Page 1 of 4 (Visit http://bizrules.com/resumes for a 2-page high-level resume)"
Senior IT Business Analyst Resume.pdf,2,Text,"SENIOR BUSINESS ANALYST / IT PROJECT MANAGER BUSINESS PROCESS & BUSINESS RULES ANALYST ROLANDO HERNANDEZ MIAMI FL 305.994.9510 JOBS@BIZRULES.COM KNOWLEDGE • Experience leading strategic digitization projects for a Fortune 10 company, Mobil, IBM, EDS, Pepsi, RCCL/Cunard, BK. • Functional experience in IT, Finance, Tax, Accounting, Legal, Marketing, Sales, Supply, & Audit. • Industry experience: Fast-Food Quick-Service Franchise, Soft-Drink/Bottling, Cruise/Travel, Manufacturing, Insurance, Pension/Insurance, Fleet Leasing, Oil/Lube/Energy, EH&S, IT Consulting. • Government experience: Health & Welfare/Canada Social Security, Tax Submission Processing/US IRS. • Experience with automated legacy application modernization and business systems modernization. • Strong understanding of the key challenges facing competitive, global businesses today: compliance, reducing IT costs, quality, agility, time to market, downsizing, offshoring/outsourcing, privacy, retaining & digitizing knowledge, preventing business mistakes, and minimizing legal & financial risks. • Speaker and author on Customer Relationship Management (CRM), Business Process Management (BPM), Business Rules Management (BRM), and Knowledge Management (KM). EXPERTISE • Exceptional ability to learn new industries and business processes quickly. • eBusiness experience designing systems for Global Statutory Compliance (Sarbanes-Oxley), Tax Planning & Minimization, Entity Management, Corporate Formalities & Separateness, HQ Cost Allocation, Transfer Pricing, Billing, Revenue/Yield Management, Intellectual Property Management, Worker’s Comp Claims Processing, Cruise Reservations, Commissions, Sales Force Automation, Data Warehousing, Balanced Scorecard/EIS, Sales & Distribution, and Supply Chain Management. • eGov experience designing and building systems for US IRS Individual Income Tax processing and Canada Social Security Benefit Eligibility & Entitlement adjudication. • Experience designing and building expert systems for Product Recommendation & Selection, Problem Diagnostics & Troubleshooting, Customer Service, EH&S Audit, and Web Expert Advisors. • Deep content knowledge in emerging AI-based technologies such as Business Process Management, Knowledge Management, and Business Rules Management • Exceptional ability to work with world-class Subject Matter Experts in order to extract their domain knowledge, business rules, decisioning process, and expertise so it can be documented and digitized. • Experience using BPM/BRE Rule Engines such as Microsoft BizTalk Server Business Rule Engine & Business Rule Composer, PegaSystems PegaRULES, and RulesPower Process Logic Modeler. TECHNICAL SUMMARY • Tools: Microsoft Office XP, Visio, MS Project, ABT Project Workbench, SourceSafe, and Lotus Notes. • Enterprise Business Process Modeling & Simulation: Popkin Systems Architect, Gensym ReThink. • BPM/Business Rules Engine (BRE): Microsoft BizTalk Server Business Rule Engine & Business Rule Composer, PegaSystems PegaRULES Process Commander, RulesPower Process Logic Modeler, Computer Associates CleverPath AION BRE, HNC Blaze Advisor, Gensym G2, Haley, Exsys CORVID AuthoRete/Eclipse, Corticon, and ILOG. • Process Modeling: Unified Modeling Language (UML), Rational Rose, Rational Unified Process (RUP), Rational RequisitePro, BPMN Business Process Modeling Notation, BRML Business Rule Markup Language, Erwin, Visual Modeler, Visio, Oracle Designer. ERP: ORACLE Financials / GL, AP, AR, PO. • Very familiar with object-oriented analysis & design; relational & multi-dimensional databases; OLAP/Cubes; mainframe, Windows, and web programming; operating systems; and Q/A testing tools. See http://bizrules.com/resumes/rh_technical.htm for complete list of HW/SW/Languages/Tools. EXPERIENCE BIZRULES.COM MIAMI, FL SENIOR BUSINESS PROCESS & BUSINESS RULES ARCHITECT 1995–PRESENT • Help Fortune 500 firms modernize legacy applications and design new eBusiness applications using breakthrough technologies. Extract enterprise business rules and business processes from code using automated tools, and from SMEs using Knowledge Acquisition, Knowledge Engineering, & Business Rule Harvesting methods. • My clients include a Fortune 10 company, Chubb, IBM, EDS, Burger King, RCCL, Canada Social Security Department, and the United States Internal Revenue Service. See client/project details on next page. Page 2 of 4 (Visit http://bizrules.com/resumes for a 2-page high-level resume)"
Senior IT Business Analyst Resume.pdf,3,Text,"SENIOR BUSINESS ANALYST / IT PROJECT MANAGER BUSINESS PROCESS & BUSINESS RULES ANALYST ROLANDO HERNANDEZ MIAMI FL 305.994.9510 JOBS@BIZRULES.COM CUNARD CRUISE LINES, SENIOR BUSINESS ANALYST JUN 2004 – SEP 2004 • Helped transition Cunard from NVS Reservation System to Princess’ POLAR Res. System. Conducted Cunard/Princess Gap Analysis. Wrote business specs, system specs, and technical specs. Documented Cunard/Seabourn Business Processes, rules, & workflows. 3-month project. (BizRules.com Consultant) A FORTUNE 10 COMPANY ATLANTA, GA / SCHENECTADY, NY BUSINESS PROCESS & BUSINESS RULES ARCHITECT JUL 2002 – JUN 2004 • Designed the Enterprise Business Rules architecture, strategy, and methodology for discovering and documenting business rules for the Client’s Knowledge Supply Chain project. • Client licensed my BIZRULES® Methodology and is using it as the standard for eliciting, documenting, managing, and automating business rules. Working with top Tax Executives & Six Sigma Black Belt SMEs to document business rules that aid Corporate Governance, ensure compliance with Sarbanes-Oxley and other laws in 120 countries, and drive tax minimization strategies. Pilot for Client’s Real-Time Decision Mgmt System. (BizRules.com Consultant) IRS PRIME MODERNIZATION (IBM GLOBAL SERVICES) GAITHERSBURG, MD BUSINESS RULES SME & BUSINESS RULES ARCHITECT FEB 2001 – JUN 2002 MY ROLE: • Helping design the Business Rules architecture, methodology, and strategy for harvesting and programming the 250,000 IRS business rules for Individual Taxpayer (Form 1040) Tax Return Submission Processing. • Providing expertise in Business Rules technology, design, and industry best practices on the IBM CADE Team. Also providing expertise in rule harvesting, rule discovery, rule modeling, and rule authoring. Helped IBM design the rule engine portion of IBM’s RFP Proposal, which won the bid for the CADE project. Developed the business rules methodology used by IBM to interview IRS SME’s in order to acquire and document Individual Tax Return business rules. My BIZRULES® Business Rules Methodology is being used as the framework for the custom IRS Business Rules Methodology. • Key Personnel for IBM on this project. (BizRules.com subcontract w/ IBM Global Services) PROJECT OVERVIEW: • IRS PRIME is a 15-year $10 billion Business Systems Modernization Project to modernize all Internal Revenue Service applications. Analysts say this is the largest civilian systems development project in the world. • All 250,000 IRS Business Rules for processing Individual Tax Returns will be stored in a rule engine instead of being hard-coded. BUSINESS GOALS/BENEFITS: • Take the tax agency from a paper-pushing system to an interactive online program for taxpayers. Among the goals are to deliver tax refunds in as little as two days instead of five weeks, enable taxpayers to receive e-mail messages from the IRS about their returns and track the status of refunds online. Enable IRS Business Analysts/SMEs (non-programmers) to author and modify business rules without reprogramming or recompiling. (BizRules.com Consultant) AMERICAN CLASSIC VOYAGES (AMCV), BUSINESS ANALYST 2000 – 2001 • Helped implement the Seaware Cruise Reservation System. Conducted Gap analysis, developed functionality requirements, and documented the business rules for all three AMCV brands. Learned Revenue Management & Pricing business practices in the Cruise industry. Set up price programs, promotions, and business rules for United States Lines & American Hawaii Cruise Lines. Redesigned conflicting/inconsistent rules from 3 Brands into one enterprise wide Rulebase. (BizRules consultant) ROYAL CARIBBEAN CRUISE LINES (RCCL), BUSINESS ANALYST 1998 – 2000 • QA/Testing, e-Commerce Website/Internet Reservation System. Helped develop the websites RCCL.com and CelebrityCruises.com. Wrote test plans and conducted testing. Became the IT expert on the Content Management System. Used Segue Software SilkRadar Defect Tracking Tool & Interwoven TeamSite CMS. Page 3 of 4 (Visit http://bizrules.com/resumes for a 2-page high-level resume)"
Senior IT Business Analyst Resume.pdf,4,Text,"SENIOR BUSINESS ANALYST / IT PROJECT MANAGER BUSINESS PROCESS & BUSINESS RULES ANALYST ROLANDO HERNANDEZ MIAMI FL 305.994.9510 JOBS@BIZRULES.COM • Business Area Analysis, Sales IT Dept. Developed business requirements and technical specifications for RCCL's Sales Dept. Translated business requirements into technical requirements. • Gap Analysis of RCCL's Encore Shipboard System vs. Fidelio pkg. Evaluated buy/build cost/benefit analysis of vendor package to replace legacy system. Compared these strategic systems from an operational and technical perspective. Documented RCCL business processes and business rules to define business requirements. Identified all Gaps. (Metro IS / BizRules.com Consultant) CANADA SOCIAL SECURITY REENGINEERING PROJECT BUSINESS RULES PROGRAMMER (EDS / BizRules.com Consultant) 1996 – 1997 • Programmed all the Disability Eligibility & Entitlement Business Rules on this $400 million project. I was brought in because of my expertise with the AION Rule Engine. As one of the expert consultants, I provided expertise and advice on the AION expert-system development language to EDS and government staff. Handled analysis, design, development, testing, and implementation. Migrated Social Security payroll withholding data and benefit data from DB2 to Oracle. Y2K Project. • BUSINESS GOALS/BENEFITS: System delivers $30 billion in benefit checks to 10 Million Canadians per year. Rulebase processes 120 Million payment transactions/yr. Error & fraud reductions due to new Rulebase of $45 Million/year or $703 Million/15years. BURGER KING - PROJECT MANAGER (BizRules.com Consultant) 1994 – 1996 • Led development of BURGER KING’s Balanced Scorecard System/Sales Force Automation System, The RoadRunner EIS, which helps six Regional VPs and 400 field Managers track Sales and A/R for 6,000 Burger King stores nationwide. • Managed a 16-month $400,000 development project to build strategic information reporting systems for 400 field managers and five regional VPs. Monitored concurrent development of five systems by an offshore vendor with programmers in Colombia and Mexico. Responsible for planning, proposal writing, contract negotiations, client acceptance testing, training, & implementation. • Reported to Director of MIS. See http://bizrules.com/us/page/cust_bk.htm for more details. MOBIL OIL CORPORATION WORLD HEADQUARTERS FAIRFAX, VA PROJECT MANAGER, SENIOR PROGRAMMER ANALYST JUN 1988 – JUN 1994 • During six years at Mobil Oil, established Mobil’s Global Expert System Strategy, implemented their global Knowledge Management Strategy, and was lead programmer of Mobil's first successful Executive Information System for Int'l Marketing Division executives. • Led design and development of Object-Oriented Client-Server Expert Systems to support the Lube Marketing and Environmental/Safety business. Managed Object-Oriented Analysis, Design, and Development projects using a true OOP programming language (AION) that provides multiple inheritance, encapsulation, specialization, inference, backward-chaining, and forward-chaining. • Worked closely with five division clients to establish common business requirements & standards for Mobil affiliates worldwide. Led project teams in the U.S., Paris, London, and Tokyo. • Strong experience with project management: estimating; cost/benefit analysis; planning; coordinating the work of 17 Subject Matter Experts in 9 countries; managing, field testing, and implementation. • Learned how to design, build, and reuse Object Oriented code at a global, enterprise-wide scale. • Developed an Environmental Health & Safety audit Expert System for loss prevention & compliance. • BUSINESS GOALS/BENEFITS: Capture knowledge from top experts nearing retirement. Retain expert knowledge as a corporate asset. Share global best practices for sales & customer service to 200 Sales Engineers in over 80 countries. Increase Field Sales Rep face-to-face time with customers. ADVANCED TRAINING • Six Sigma, Hoskyns Systems Analysis Techniques. • Dale Carnegie Strategic Presentations. • ABT Project Planning & Control, ABT Advanced Project Management, Advanced Microsoft Project; Microsoft Solutions Development Discipline (Microsoft’s product development methodology), • Zachman Framework for Enterprise Architecture • Business Rules & Business Process Reengineering Page 4 of 4 (Visit http://bizrules.com/resumes for a 2-page high-level resume)"
Senior IT Manager Resume.PDF,1,Table Row,Microsoft Certified Systems Engineer: Security (MCSE-S)Microsoft Certified Technology Specialist (MCTS)
Senior IT Manager Resume.PDF,1,Table Row,Microsoft Certified Systems Administrator: Security (MCSA-S)Microsoft Certified Professional (MCP)
Senior IT Manager Resume.PDF,2,Text,"JOHNH.SMITH,M.ENG.800.991.5187 info@greatresumesfast.comPage2  Provided technical consultations regarding Microsoft, VMware, Cisco, HP, IBM, Nortel, 3COM, and F-Secure products. Deliveredtechnical support for system auditing, performance tuning,andtroubleshooting.  Created and maintained technical documentation regarding network configuration, network mapping, and service records including IT Service Catalog, Service Level Agreements, and Operational Level Agreements. SELECTACHIEVEMENTS:  Served as Project Manager and Lead Systems Designer for multiple high-profile, large-scale network and IT infrastructure projects. Designed and implemented Microsoft infrastructures, VMware, and NetBackup.  Managed andmaintained Windows active directory forestsfor several key clients; provided operating systems deployment, level-3 support for mission-critical servers and networks, security enhancements, and DPRs.  Oversaw the efficient implementation of new technology solutions to various internal business units; identified project requirements and provided exceptional support. Upgraded IT infrastructure, established quality assurance standards, and recommended new products to enhance clients’ operational efficiencies. SYSTEMS CONNECT;Palm Springs, FL 2000–2002 Senior Systems Engineer  Successfully upgraded organization’s Windows NT Domain. Provided support for data acquisition, process control software, and DCS; supervised data acquisition and process control algorithms. Led the automation of atmospheric distillation installation (DA2).  Oversaw the design of new organization-wide IT/IS systems and defined the IT/IS architecture. Administered Microsoft Windows servers and workstations. Performed server and security audits, system backup procedures, and recovery processes to support business continuity strategies. PC SYSTEMS;Palm Springs, FL 1996–2000 Electronics Engineer  Designed, installed, and administered Windows-based networks; head of the technical maintenance. EDUCATION&CERTIFICATIONS Master of Engineering (M.Eng.)in Applied Electronics STATEUNIVERSITY,UNIVERSITY OFSTATE  Microsoft Certified Systems Engineer: Security (MCSE-S), Windows Server 2003  Microsoft Certified Systems Administrator: Security (MCSA-S), Windows Server 2003  Microsoft Certified Technology Specialist (MCTS), Internet Security &AccelerationServer 2006, Configuration  Microsoft Certified Technology Specialist (MCTS), Configuring Windows Vista Client  Lenel OnGuard Sapphire Certification  Intel Technology ExpertIntel Product Integrator  ProjectManagement Professional (PMP) Training, Project Management Institute (PMI)"
Senior IT Project Manager Resume.pdf,1,Text,"Project Manager Resume Sample www.timesresumes.com Name & Personal Details of clients are not included for Anonymity Add: xxxxxxxxxxxxxxxxxxxxxxxxxxxxxxxxxxxxxxxxxxx Mob: xxxxxxxxxxxx E-mail: xxxxx@yahoo.co.in SENIOR IT PROJECT MANAGER (cid:1) Experienced project manager with 14 years of success, leading all phases of diverse technology projects; PMP - Project Management Institute, USA, PRINCE 2 Practitioner - APMG International, Member, Netherlands chapter of Project Management Institute. Currently pursuing an MBA degree. (cid:1) Recruited by the world’s leading IT consulting firm, INFOSYS, to provide project management over large-scale, top-priority and complex technology initiatives. (cid:1) Expert in IT technologies (database, legacy, web, client server etc.), software engineering, development & testing methodologies, enterprise architecture, design patterns, estimation methodologies and quality processes. Possess good knowledge about IT outsourcing contracts, IT service delivery management and managing IT projects in global delivery model. (cid:1) Business strategist; plan and manage multimillion-dollar projects aligning business goals with technology solutions to drive process improvements, competitive advantage and bottom-line gains. (cid:1) Able to manage large project teams and known for high-quality deliverables that meet or exceed timeline and budgetary targets. (cid:1) Managed budgets of up to $8Million and cross-functional teams of up to 80 developers, programmers and analysts. (cid:1) Drove the high-quality and timely completion of systems engineering, software/database development and enterprise wide implementation projects for F500 clients. (cid:1) Excellent communicator; leverage technical, business and financial acumen to communicate effectively with client executives and their respective teams. (cid:1) Extensive international experience in IT project management across Asia, Europe and Africa. ACHIEVEMENTS HIGHLIGHTS (cid:1) Consistently rated among top 10% employees (CRR-1 & 1+) at Infosys (cid:1) Represented India Business Council (Mauritius) and University of Mauritius Board. (cid:1) Honored by Infosys with 8 awards, for outstanding performance & contribution (cid:1) Awarded for Best Project, across Infosys level. (cid:1) Received best knowledge management award, across Infosys level. (cid:1) Guest lecture at University of Mauritius, Computer science department. (cid:1) Guest lecture at Infosys Education & Research department (cid:1) Secured 1st position at Infosys induction training PROFESSIONAL CERTIFICATIONS (cid:1) Project Management Professional Certification (PMP) (cid:1) Prince2 Foundation & Practitioner Certification (cid:1) ITIL V2 Foundation Certification (cid:1) Infosys Program management (TRANSCEED)certification (cid:1) Infosys BRITE (Six sigma) certification (cid:1) Infosys Project management certification (PM ELITE) (cid:1) IBM – DB2 certification (cid:1) LOMA Step-1 and LOMA-280 certification (cid:1) Infosys .Net (Design & Architecture) certifications Senior IT Project Manager 1"
Senior IT Project Manager Resume.pdf,2,Text,"PROFESSIONAL QUALIFICATIONS MBA Degree 2010 Hanze University of Applied Science, Groningen, Netherlands Master of Engineering (Chemical) - (6.4/8.0 CGPA) 1997 Indian Institute of Science, Bangalore Bachelor of Engineering (Chemical) - (80% marks obtained) 1995 Utkal University, Orissa PROFESSIONAL WORK EXPERIENCE Infosys Technologies Ltd, Netherlands Senior Project Manager 2007 – Present Client Accounts: Largest Insurance client of Infosys in the Netherlands. Key Domain Experience: IT Program & Project management – Program Governance, Risk Management, Requirement, Scope & Change management, Project planning Scheduling & task management, Team development, Project Budgeting & cost management, Knowledge & Transition management. Software Engineering, Software development (waterfall, iterative, agile), Software testing. Software Quality process (CMMI), Enterprise Architecture. Key Responsibilities: Manage Program of 10+ IT projects in the domain of Application development, Application support, Technology migration, Reengineering and IT consultancy across a wide range of technologies including Mainframe, .Net, J2EE, Cordys, Doc-1, WMB, Cognos and Datastage with stringent service levels and commitment of on - time delivery to clients. Project delivery (end to end) including Program Governance, Stakeholder management, Risk management, Cost management, Scope, Quality, Capacity and Change management. Execute projects using Global delivery model with a multi-cultural team of 80+ employees located across India and Netherlands. Customer Relationship Management & Business development. Key Accomplishments: Achieved 100% on time within budget delivery of projects by implementing robust risk & quality management frame work. Achieved 30% cost reduction of maintenance & support projects by implementing global delivery execution and by implementing productivity and quality management best practices. Infosys Technologies Ltd, Mauritius DC Senior Project Manager 2005 to 2007 Client Accounts: Product customization for a European Insurance company. Technology migration projects for a leading Belgian Insurance company. Application maintenance and support for a leading retailer in France. Key Domain Experience: Project planning, schedule & budget management, scope & change management, Stakeholders management, Risk management, People management and knowledge management, Quality Senior IT Project Manager 2"
Senior IT Project Manager Resume.pdf,3,Text,"management including CMMI, Six sigma & lean process. Key Responsibilities: Managed and oversaw all IT projects, executed by a team of 60+, which included application development and maintenance, product customization and technology migration. Institutionalized IT support, development and management process by implementing best corporate & Industry practices for Software development, Project management, and Quality processes that led to timely, delivery of IT projects. Supported Government of Mauritius (ICT Ministry and Mauritius University) by sharing knowledge and resources for improving IT project delivery skills at Mauritius. Key Accomplishments: Implemented comprehensive Quality management & Knowledge management processes, resulting in enhancing the quality of projects delivered by 50% and ultimate customer satisfaction. Achieved 20% improvement in productivity and 10% gain in schedule implementing factory model for technology migration program. Infosys Technologies Ltd, Mauritius DC 2003 to 2005 Project Manager Client Accounts: Application development & maintenance project for a large European Insurance company. Key Domain Experience: Project management, Project planning, Execution, Software development life cycle, Quantitative project management, Scope & change management. Software development estimation techniques. Key Responsibilities: Managed Project application development & support services along with a team of 20+ members distributed across India, Mauritius & the Netherlands Applied robust change, quality and risk management processes, to the project marred with quality & schedule issues and brought the project back on track within 4 months after takeover. Enhanced client’s confidence and team motivation by implementing strategic stake holder management framework. Revisited Service level agreement, governance structure and communication structure to win back client’s confidence. Key Accomplishments: Achieved 100% SLA compliance, within 3 months of setting up service level agreement, resulting in absolute client satisfaction. PREVIOUS WORK EXPERIENCE Project Manager - Infosys Technologies Ltd, Bangalore & Lugarno 2001 to 2002 Programmer Analyst - Infosys Technologies Ltd, Bangalore & UK 1999 to 2001 Developer - Infosys Technologies Ltd, Bangalore & UK 1995 to 1999 PERSONAL INFORMATION Date of Birth : XXXXXX Marital Status: XXXX Nationality : XXXXX Work Permit : Netherlands & India References: Available upon request. Senior IT Project Manager 3"
Tech Professional Resume.pdf,1,Table Row,"Sameer
Shah
IT SUPPORT ASSISTANT
TECHNICAL SKILLS
IT support Helpdesk assistance
Account setup Troubleshooting
System documentation User support
Digital records Process coordination
CERTIFICATIONS
Digital Skills Certificate
Workplace IT Support Course
Cyber Awareness Essentials
CONTACT
Address
123 Anywhere St., Any City
Phone
123-456-7890
Email
hello@reallygreatsite.com
Website
reallygreatsite.com | PERSONAL PROFILE
Organised and practical digital support candidate with experience helping
teams manage simple technical tasks, digital files, and everyday system
support. Confident learning new tools, following processes, and
communicating clearly with colleagues across different departments.
WORK EXPERIENCE
IT Support Assistant Mar 2022 – Present
Circuit Systems
Helped respond to simple support requests, organised digital records,
prepared basic documentation, and supported colleagues with everyday
system tasks including account setup and software access queries.
Digital Assistant Sep 2020 – Feb 2022
Cloudlet Tech
Updated content, checked digital files, supported data entry tasks, and
helped maintain organised online materials across internal platforms.
Office & Systems Support Jun 2019 – Aug 2020
Streamline Systems
Provided general administrative and digital support, maintained filing systems,
and helped onboard new staff to internal platforms.
EDUCATION
BTEC Diploma — Digital Skills and Business Support
Greenfield College
Completed 2018 · IT systems, digital communication, data management, and
workplace support.
PROJECTS
Internal File Organisation Project
Reviewed and restructured a shared digital filing system across two
departments, improving document retrieval and team accessibility.
Basic Website Content Update Project
Supported a small-scale content refresh, updating text, checking links, and
ensuring all sections remained consistent and up to date.
References available upon request."
UNC CS Technical Resume.pdf,1,Text,"Ada Lovelace (919) 110-0110 | adalove@gmail.com | LinkedIn | GitHub EDUCATION University of North Carolina at Chapel Hill | Chapel Hill, NC May 2027 B.S. in Computer Science, Minors in Data Science and Studio Art | GPA: 3.7/4.0 ● Relevant Courses: Files and Databases, Modern Web Development, Mobile Operating Systems, Computer Organization, Data Structures, Algorithms & Analysis, Foundations of Programming ● Honors: Dean’s List, Honors Carolina TECHNICAL SKILLS Languages (by proficiency): Java, Python (Pandas, Matplotlib, Plotly, pytest), JavaScript, C, Swift, TypeScript Tools and Frameworks: Node.js, React.js, AngularJS, Docker, PyTorch, Git AI & Data Tools: GitHub Copilot, OpenAI API RELEVANT EXPERIENCE Amazon | Seattle, WA June 2026 - Present Software Development Engineer Intern ● Designed and implemented a scalable backend microservice using Java and AWS (Lambda, DynamoDB) to automate internal data workflows, reducing API latency by 22% ● Leveraged AI-assisted development tools to accelerate code generation and unit testing, achieving 95%+ code coverage and cutting feature deployment cycles by 4 days ● Reduced monthly cloud compute costs by 15% through bottleneck analysis and legacy code refactoring UNC-Chapel Hill Department of Computer Science | Chapel Hill, NC Aug. 2025 - May 2026 Undergraduate Teaching Assistant - Grading Lead ● Mentored over 600 students enrolled in Introduction to Programming, explaining challenging concepts and fundamental programming knowledge to both Computer Science and non-technical majors ● Graded up to 6 exams a semester and developed Python scripts to organize large-scale grading efforts, while simultaneously hosting 10+ hours of office hours a week for students Fidelity Investments | Durham, NC May 2025 - Aug. 2025 Software Engineering Intern ● Developed a Node.js and Python web app that cut transaction latency by 10 seconds through backend optimizations, using AI tools to accelerate development and debugging ● Partnered with an Agile pair-programming team to engineer scalable backend features, optimize SQL/API response times, and audit AI-generated code for quality PROJECTS MusicBoxd | HackNC Oct. 2025 ● Partnered with a team of 3 and developed a fully functional iOS App with a dynamic Swift interface, real-time database retrieval using Firebase , and Genius’ API for song and artist retrieval ● Awarded the Hack for Connectivity by Pendo and third place overall for the whole hackathon LEADERSHIP EXPERIENCE UNC CS for Social Good | Chapel Hill, NC Jan. 2025 - Present CATCH Project Manager ● Lead weekly meetings for CATCH, maintain project goals, and develop timelines for stages and deployment ● Contribute to backend development on a web-based application for a local non-profit, emphasizing database efficiency and optimized API calls to improve user experience and reduce wait time"
